Organisation,Org_URL,Country,Pub_Date,Leak_Type,Description,Ransom_URL,Ransom_Group,Leak_Size,Org_Revenue,Percentage_Leaked,Leak_Links,Leak_Size,Org_Revenue,Percentage_Leaked,Leak_Links
QUT,http://www.qut.edu.au,NA,31/12/2022,NA,The Queensland University of Technology was founded in 1989 and is a research and course-based university which has schools and faculties in business,http://royal4ezp7xrbakkus3oofjw6gszrohpodmdnfbe5e4w3og5sm7vb3qd.onion/xfPv3MIBmRJoO1f3ygwcDMfflw0kUqMr,Royal,0,669M,10,http://6wjqrulydd3k7fx7gbgdh3pjg42swcyfguwrasmkdss3v55i75ftq4id.onion/,0,669M,10,http://6wjqrulydd3k7fx7gbgdh3pjg42swcyfguwrasmkdss3v55i75ftq4id.onion/
AONTTAGL,http://www.agostini.com,NA,30/12/2022,NA,Proof Packemployee driver's licenses \ Finance \ budget,http://royal4ezp7xrbakkus3oofjw6gszrohpodmdnfbe5e4w3og5sm7vb3qd.onion/in4Bp8h8w0484dk4XSBEhwHcYrRBr9ZY,Royal,25gb,33M,0,http://k6s24pz55gtvtzzpg4riv7zb74vts425bl42zrpmice5ud3a65itj6ad.onion/AONTTAGL/SDneqopDSAm/PROOF.zip,25gb,33M,0,http://k6s24pz55gtvtzzpg4riv7zb74vts425bl42zrpmice5ud3a65itj6ad.onion/AONTTAGL/SDneqopDSAm/PROOF.zip
Waterloo Wellington Flight Centre,https://www.wwfc.ca,NA,29/12/2022,NA,"Founded in 1932, at Lexington field in North Waterloo, Waterloo Wellington Flight Centre (WWFC) is deeply rooted in the Waterloo region.",http://royal4ezp7xrbakkus3oofjw6gszrohpodmdnfbe5e4w3og5sm7vb3qd.onion/2tHTmQSmVuPLQbvQumbD6osYsKKY07kb,Royal,0,9M,100,D|http://tkektnwbesdjrcllcdyqmcmtqvgbdbpyxpoa2xpvr2nq4gunbedwenid.onion/wwfc/D.tgz||F|http://tkektnwbesdjrcllcdyqmcmtqvgbdbpyxpoa2xpvr2nq4gunbedwenid.onion/wwfc/F.tgz||S|http://tkektnwbesdjrcllcdyqmcmtqvgbdbpyxpoa2xpvr2nq4gunbedwenid.onion/wwfc/S.tgz,0,9M,100,D|http://tkektnwbesdjrcllcdyqmcmtqvgbdbpyxpoa2xpvr2nq4gunbedwenid.onion/wwfc/D.tgz||F|http://tkektnwbesdjrcllcdyqmcmtqvgbdbpyxpoa2xpvr2nq4gunbedwenid.onion/wwfc/F.tgz||S|http://tkektnwbesdjrcllcdyqmcmtqvgbdbpyxpoa2xpvr2nq4gunbedwenid.onion/wwfc/S.tgz
Iowa Public Television,http://www.iowapbs.org,NA,29/12/2022,NA,"Iowa PBS is Iowa’s statewide public broadcasting network. Iowa PBS provides quality, innovative media and services that educate, inform, enrich and inspire Iowans.Our noncommercial, public-service mission enables us to bring you locally produced programs of lasting value regardless of where you live or what you can afford. Our educational media and resources help prepare Iowa’s children for success in school and opens up the world to them in age-appropriate ways. Nearly half the households in our viewing area tune to Iowa PBS each month for programming that reflects a range of interests for Iowans in all demographic categories.",http://royal4ezp7xrbakkus3oofjw6gszrohpodmdnfbe5e4w3og5sm7vb3qd.onion/wq9Mwy2bFlNas3dFFok5flj7MIgt89p0,Royal,380Gb,18M,100,ALLENW|http://tkektnwbesdjrcllcdyqmcmtqvgbdbpyxpoa2xpvr2nq4gunbedwenid.onion/iptv/ALLENW.tgz||ANDREWBATT|http://tkektnwbesdjrcllcdyqmcmtqvgbdbpyxpoa2xpvr2nq4gunbedwenid.onion/iptv/ANDREWBATT.tgz||ELM|http://tkektnwbesdjrcllcdyqmcmtqvgbdbpyxpoa2xpvr2nq4gunbedwenid.onion/iptv/ELM.tgz||HACKBERRY|http://tkektnwbesdjrcllcdyqmcmtqvgbdbpyxpoa2xpvr2nq4gunbedwenid.onion/iptv/HACKBERRY.tgz||Archive|http://tkektnwbesdjrcllcdyqmcmtqvgbdbpyxpoa2xpvr2nq4gunbedwenid.onion/iptv/Archive.tgz,380Gb,18M,100,ALLENW|http://tkektnwbesdjrcllcdyqmcmtqvgbdbpyxpoa2xpvr2nq4gunbedwenid.onion/iptv/ALLENW.tgz||ANDREWBATT|http://tkektnwbesdjrcllcdyqmcmtqvgbdbpyxpoa2xpvr2nq4gunbedwenid.onion/iptv/ANDREWBATT.tgz||ELM|http://tkektnwbesdjrcllcdyqmcmtqvgbdbpyxpoa2xpvr2nq4gunbedwenid.onion/iptv/ELM.tgz||HACKBERRY|http://tkektnwbesdjrcllcdyqmcmtqvgbdbpyxpoa2xpvr2nq4gunbedwenid.onion/iptv/HACKBERRY.tgz||Archive|http://tkektnwbesdjrcllcdyqmcmtqvgbdbpyxpoa2xpvr2nq4gunbedwenid.onion/iptv/Archive.tgz
Emoney,http://www.emoneyfinance.com.au,NA,28/12/2022,NA,Australian First Mortgage Pty Ltd is a company that operates in the Financial Services industry. It employs 21-50 people and has $5M-$10M of revenue.,http://royal4ezp7xrbakkus3oofjw6gszrohpodmdnfbe5e4w3og5sm7vb3qd.onion/aq4DAAfouoACyFnqc6B0k7FHYX1cw164,Royal,570Gb,9M,0,http://72u5vd67xdff354hhge6wjuvsixxwo3c6bvrdlqstgmjfptpbzwrsmad.onion/nmcgroup.zip,570Gb,9M,0,http://72u5vd67xdff354hhge6wjuvsixxwo3c6bvrdlqstgmjfptpbzwrsmad.onion/nmcgroup.zip
www.buildersmutual.com,http://www.buildersmutual.com,NA,27/12/2022,NA,"Industry: Surety insurance ,  Property damage insurance﻿Address: 5580 Centerview Dr Ste 100 Raleigh, NC, 27606-4599 United States",http://royal4ezp7xrbakkus3oofjw6gszrohpodmdnfbe5e4w3og5sm7vb3qd.onion/RV4clvZPpo0DFV1BtLgu5FrxqwgeYbxA,Royal,700,0,100,http://7i2f2rkkxc2utvykebghkje5k3rdxkxoee7po2ujelbvibqgxdnvxgyd.onion/,700,0,100,http://7i2f2rkkxc2utvykebghkje5k3rdxkxoee7po2ujelbvibqgxdnvxgyd.onion/
INTRADO,http://www.intrado.com,NA,27/12/2022,NA,PROOF PACK - internal documents \ passports \ employee driver's licensesPART ONE - Finance \ HR \ ,http://royal4ezp7xrbakkus3oofjw6gszrohpodmdnfbe5e4w3og5sm7vb3qd.onion/rpanAznTHvi3dsjgbDHZjepzIkiTnYGc,Royal,781gb,3.5B,10,http://k6s24pz55gtvtzzpg4riv7zb74vts425bl42zrpmice5ud3a65itj6ad.onion/INTRADO/SDjn123XC82/proof.zip,781gb,3.5B,10,http://k6s24pz55gtvtzzpg4riv7zb74vts425bl42zrpmice5ud3a65itj6ad.onion/INTRADO/SDjn123XC82/proof.zip
Grupo Ibiapina Ltda,https://www.grupoibiapina.com.br,NA,27/12/2022,NA,Grupo Ibiapina Ltda is a company that operates in the Business Supplies and Equipment industry. It employs 251-500 people and has $50M-$100M of revenue.,http://royal4ezp7xrbakkus3oofjw6gszrohpodmdnfbe5e4w3og5sm7vb3qd.onion/pTjJfWQVTsixCn51cM7hYTQBCLkhIZUe,Royal,16Gb,51M,100,Link1|http://tkektnwbesdjrcllcdyqmcmtqvgbdbpyxpoa2xpvr2nq4gunbedwenid.onion/Ibiapina/SWFLAGAPP01.tgz||Link2|http://tkektnwbesdjrcllcdyqmcmtqvgbdbpyxpoa2xpvr2nq4gunbedwenid.onion/Ibiapina/SWNFEF99P01.tgz||Link3|http://tkektnwbesdjrcllcdyqmcmtqvgbdbpyxpoa2xpvr2nq4gunbedwenid.onion/Ibiapina/SWFRTP01.tgz,16Gb,51M,100,Link1|http://tkektnwbesdjrcllcdyqmcmtqvgbdbpyxpoa2xpvr2nq4gunbedwenid.onion/Ibiapina/SWFLAGAPP01.tgz||Link2|http://tkektnwbesdjrcllcdyqmcmtqvgbdbpyxpoa2xpvr2nq4gunbedwenid.onion/Ibiapina/SWNFEF99P01.tgz||Link3|http://tkektnwbesdjrcllcdyqmcmtqvgbdbpyxpoa2xpvr2nq4gunbedwenid.onion/Ibiapina/SWFRTP01.tgz
HELMA Eigenheimbau AG,https://www.helma.de/,NA,27/12/2022,NA,"HELMA Eigenheimbau AGHeadquarters: 4 Zum Meersefeld, Lehrte, Lower Saxony, 31275, GermanyPhone Number: +49 49513288500Website: www.helma.deRevenue: $352MStock Symbol: H5EHELMA Eigenheimbau AG is a Germany-based company that specializes in design and construction of new private residential buildings and houses. The Company diversifies its activities into three business segments: building services business; property development business, and Other. The main area of operations of the building services business encompasses the planning and construction management of detached and semi-detached houses on the basis of customer orders. In the property development business, constructions are realized and marketed on the Company's own land. The Other business segment comprises the broking business for building-related financing and insurance. As of December 31, 2011, the Company had three wholly-owned subsidiaries: Hausbau Finanz GmbH, HELMA LUX SA, and HELMA Ferienimmobilien GmbH. It also held a 93.95-stake in HELMA Wohnungsbau GmbH.",http://royal4ezp7xrbakkus3oofjw6gszrohpodmdnfbe5e4w3og5sm7vb3qd.onion/PTtAYC9W19FBSZBMasgdZKaZgVAUYGU8,Royal,850Gb,325M,100,http://7ctqkkbgbzeo4c53wpluqpcrjocaam6334ltj3lmcauuq6rtlwrzvbad.onion/HELMA/,850Gb,325M,100,http://7ctqkkbgbzeo4c53wpluqpcrjocaam6334ltj3lmcauuq6rtlwrzvbad.onion/HELMA/
Inforlandia,https://www.inforlandia.com,NA,27/12/2022,NA,"Inforlandia is a leading European Original Equipment Manufacturer of computer hardware, mobile devices and consumer electronics.Celebrating 30 years, Inforlandia presents itself with a deep knowledge and experience in the technological sector, at local and international level, with successes that speak for themselves. Today it is the largest manufacturer of computer equipment in Portugal, with an offer adjusted and developed to the needs of customers and with a strong weight in exports. The ambition that dictated its path continues to outline its growth and consolidation strategies. With the aim of making technology increasingly accessible, both for Education and for the business and public sectors, it has been developing production methods and strategies that ensure unmatched flexibility and high levels of quality, with the utmost efficiency. The commitment to quality has been rewarded with certifications at the highest level, and Inforlandia’s objective is to continue to be one of the national companies with the highest number of product, process and business-level certifications.",http://royal4ezp7xrbakkus3oofjw6gszrohpodmdnfbe5e4w3og5sm7vb3qd.onion/4vIA2T5T0lIrnWPcuznhd0dBx7k5CcBG,Royal,120Gb,12M,0,,120Gb,12M,0,
Fantasy Springs Resort Casino,https://www.fantasyspringsresort.com,NA,26/12/2022,NA,"Walk through the doors of Fantasy Springs Resort Casino and you’re immediately transported to a world of elegance, exciting ambience and good luck. This award-winning casino in the Palm Springs area is home to 1,800 of the hottest slots and video poker, 40 table games, the action-packed casino-floor Springs bar, friendly hosts and dealers, and the Fantasy Rewards Club – offering guests the best perks and rewards of any desert casino. Fantasy Springs offers world-class gaming at a desert oasis setting, close to anywhere in southern California. Here you’ll find the newest and hottest games, low table minimums and best odds in the Valley.These are just a few of the things that make Fantasy Springs Resort Casino a premier gaming destination in Southern California. Must be 21 or over to gamble in the casino.",http://royal4ezp7xrbakkus3oofjw6gszrohpodmdnfbe5e4w3og5sm7vb3qd.onion/4r0WId8QXph8ySppCesSVJ6OwhAitPld,Royal,370Gb,310M,100,Marketing|http://tkektnwbesdjrcllcdyqmcmtqvgbdbpyxpoa2xpvr2nq4gunbedwenid.onion/casino/Marketing.rar||Users|http://tkektnwbesdjrcllcdyqmcmtqvgbdbpyxpoa2xpvr2nq4gunbedwenid.onion/casino/Users.rar||FS|http://tkektnwbesdjrcllcdyqmcmtqvgbdbpyxpoa2xpvr2nq4gunbedwenid.onion/casino/FS.rar||Archive|http://tkektnwbesdjrcllcdyqmcmtqvgbdbpyxpoa2xpvr2nq4gunbedwenid.onion/casino/Archive1.tgz,370Gb,310M,100,Marketing|http://tkektnwbesdjrcllcdyqmcmtqvgbdbpyxpoa2xpvr2nq4gunbedwenid.onion/casino/Marketing.rar||Users|http://tkektnwbesdjrcllcdyqmcmtqvgbdbpyxpoa2xpvr2nq4gunbedwenid.onion/casino/Users.rar||FS|http://tkektnwbesdjrcllcdyqmcmtqvgbdbpyxpoa2xpvr2nq4gunbedwenid.onion/casino/FS.rar||Archive|http://tkektnwbesdjrcllcdyqmcmtqvgbdbpyxpoa2xpvr2nq4gunbedwenid.onion/casino/Archive1.tgz
Robinson Pharma,https://www.robinsonpharma.com,NA,26/12/2022,NA,"Robinson Pharma, Inc. is a full-service contract manufacturer of softgels, tablets, capsules, powders, and liquids for the dietary supplements and personal health care industries. Currently, we have the largest softgel capacity in the United States. We are a leading vitamin manufacturer with multiple third-party certifications for GMP Compliance. We search the globe for the best raw materials and guarantee that all your products will be manufactured in the USA. Robinson Pharma, Inc. also guarantees one of the shortest order lead times in the industry, as well as packaging services.",http://royal4ezp7xrbakkus3oofjw6gszrohpodmdnfbe5e4w3og5sm7vb3qd.onion/T4nGYIycHU6USkW29HQcZNe8CgzfHXsJ,Royal,330Gb,300M,100,Archive1|http://tkektnwbesdjrcllcdyqmcmtqvgbdbpyxpoa2xpvr2nq4gunbedwenid.onion/pharma/Archive1.tgz||Archive2|http://tkektnwbesdjrcllcdyqmcmtqvgbdbpyxpoa2xpvr2nq4gunbedwenid.onion/pharma/Archive3.tgz,330Gb,300M,100,Archive1|http://tkektnwbesdjrcllcdyqmcmtqvgbdbpyxpoa2xpvr2nq4gunbedwenid.onion/pharma/Archive1.tgz||Archive2|http://tkektnwbesdjrcllcdyqmcmtqvgbdbpyxpoa2xpvr2nq4gunbedwenid.onion/pharma/Archive3.tgz
Atlatec SA de CV,https://www.atlatec.com,NA,25/12/2022,NA,"We are the most important company in Mexico that integrates water infrastructure projects, with more than 60 years of experience, having developed more than 90 public and private projects. We provide solutions with the highest technology and innovation for water and wastewater treatment.",http://royal4ezp7xrbakkus3oofjw6gszrohpodmdnfbe5e4w3og5sm7vb3qd.onion/zkKwds3ZMuSg9glzg5Y2WDTXwHc0DQ21,Royal,2Gb,180M,100,RH|http://tkektnwbesdjrcllcdyqmcmtqvgbdbpyxpoa2xpvr2nq4gunbedwenid.onion/Atlatec/RH.tgz,2Gb,180M,100,RH|http://tkektnwbesdjrcllcdyqmcmtqvgbdbpyxpoa2xpvr2nq4gunbedwenid.onion/Atlatec/RH.tgz
Rech Informatica Ltda,https://www.rech.com.br,NA,23/12/2022,NA,"Rech Informática Ltda is a company that operates in the Staffing and Recruiting industry. It employs 51-100 people and has $10M-$25M of revenue. Headquarters: 460 Rua Tupanciretã, Novo Hamburgo, Rs, 93334-480, Brazil",http://royal4ezp7xrbakkus3oofjw6gszrohpodmdnfbe5e4w3og5sm7vb3qd.onion/RR8xrBi8wdzm0XH2ZRnjwIDWpHgpLplW,Royal,1.1Tb,10M,0,,1.1Tb,10M,0,
Aegea Group companies,https://www.aegea.com.br,NA,23/12/2022,NA,"Founded in 2010, Aegea is one of Brazil’s largest private sanitation companies. In each town it operates, it takes more health and quality of life to the population, always respecting the environment and local culture. Today, more than 21 million people are served in 154 cities across Brazil.﻿Aegea manages sanitation assets through full or partial common concessions, sub-concessions and public-private partnerships (PPPs) and manages public concessions in the entire water cycle, i.e., supply, collection and treatment of sewage according to the profile and needs of each town.",http://royal4ezp7xrbakkus3oofjw6gszrohpodmdnfbe5e4w3og5sm7vb3qd.onion/vx9f1083z9mQGDx0brTIMZHW3sJ8SuQG,Royal,1.2Tb,365M,0,,1.2Tb,365M,0,
ATLAS,http://www.atlascommodities.com,NA,21/12/2022,NA,Passports / SSN / Confidential Docs ,http://royal4ezp7xrbakkus3oofjw6gszrohpodmdnfbe5e4w3og5sm7vb3qd.onion/cAXuo9z2SoW1nW7gPUUhbeS0SC3jvI3S,Royal,515gb,10M,1,http://k6s24pz55gtvtzzpg4riv7zb74vts425bl42zrpmice5ud3a65itj6ad.onion/ATLAS/eoqpAWEwS8/PROOFPACK.zip,515gb,10M,1,http://k6s24pz55gtvtzzpg4riv7zb74vts425bl42zrpmice5ud3a65itj6ad.onion/ATLAS/eoqpAWEwS8/PROOFPACK.zip
Zehnders of Frankenmuth,https://www.zehnders.com,NA,20/12/2022,NA,"ZEHNDER'S OF FRANKENMUTH - A FOUR-SEASON FAMILY VACATION DESTINATION - HOTEL, WATERPARK, DINING, SHOPPING & GOLFWelcome to Zehnder's and make yourself at home. This is your web window to our world famous, flagship restaurant Zehnder's of Frankenmuth, our championship golf course The Fortress, our unique shopping experience Zehnder's Marketplace and the aquatic excitement of Zehnder's Splash Village Hotel and Indoor waterpark. Eat, sleep, shop, and play in the Bavarian themed village of Frankenmuth, Michigan. Just 90 miles north of Detroit and voted best day trip in Michigan by Detroit News readers, Zehnder's and Frankenmuth is enjoyed by millions of people each year.",http://royal4ezp7xrbakkus3oofjw6gszrohpodmdnfbe5e4w3og5sm7vb3qd.onion/wujbHsaYdSzMjctwJGUpISBSJdRUhlvE,Royal,50Gb,117M,0,,50Gb,117M,0,
Mol,http://molcy.com,NA,16/12/2022,NA,"MOL, A COMPANY IN MOVEMENTSince the founding of MOL in 1944 MOL distinguished itself as a company that does not shy away from technical challenges, which has become our trademark.Active product development, innovative approach and a huge internationalization has made the company into what it is today: more than 400 motivated members cooperating together for the development of a high quality range of products.A team of specialist engineers runs the aftesales service at home and abroad. MOL has been awarded the ISO 9001-2008 Certificate, the Caterpillar Certified Supplier Label and Welding Certificate following EN15085 (welding of rail-road vehicles and parts). The awards are the result of constant control and non-stop fine-tuning of production methods.In 2009 we pursuised our growth strategy by expanding our product range Trailers with re-newed offer of trailers, flat trailers.In 2011 the first prototype of the new model Pusher 4000 (VDK) was put into use.In 2012 the new production hall was ready for use. Rail road vehicles were extended with new models.There is also more research for ecological solutions. Some of our clients are using hybrid refuse collection vehicles. For the terminal tractor is a 100% electrical version available",http://royal4ezp7xrbakkus3oofjw6gszrohpodmdnfbe5e4w3og5sm7vb3qd.onion/ZwxPw38Zgyx18cTdkpdo3T267VdLSG3y,Royal,350,19,100,http://yef4xoqj2jq554rqetf2ikmpdtewdlbnx5xrtjtjqaotvfw77ipb6pad.onion/mol/,350,19,100,http://yef4xoqj2jq554rqetf2ikmpdtewdlbnx5xrtjtjqaotvfw77ipb6pad.onion/mol/
Conform,https://www.conform.it,NA,15/12/2022,NA,"Conform is a company that operates in the Education industry. It employs 11-20 people and has $1M-$5M of revenue. The company is headquartered in Avellino, Campania, Italy.",http://royal4ezp7xrbakkus3oofjw6gszrohpodmdnfbe5e4w3og5sm7vb3qd.onion/5whEE2QnwsFhuwleBFOZgkKPDECiH3rF,Royal,155Gb,5M,100,Archive|http://tkektnwbesdjrcllcdyqmcmtqvgbdbpyxpoa2xpvr2nq4gunbedwenid.onion/Conform/Archive.tgz||NAS_VIDEO|http://tkektnwbesdjrcllcdyqmcmtqvgbdbpyxpoa2xpvr2nq4gunbedwenid.onion/Conform/NAS_VIDEO.tgz,155Gb,5M,100,Archive|http://tkektnwbesdjrcllcdyqmcmtqvgbdbpyxpoa2xpvr2nq4gunbedwenid.onion/Conform/Archive.tgz||NAS_VIDEO|http://tkektnwbesdjrcllcdyqmcmtqvgbdbpyxpoa2xpvr2nq4gunbedwenid.onion/Conform/NAS_VIDEO.tgz
Vincent Fister,http://vincentfister.com,NA,15/12/2022,NA,,http://royal4ezp7xrbakkus3oofjw6gszrohpodmdnfbe5e4w3og5sm7vb3qd.onion/GanlBBvZXREthK68bgv6tvFhC6625OoW,Royal,112,14,0,,112,14,0,
MARK-TAYLOR,https://www.mark-taylor.com,NA,13/12/2022,NA,"Mark-Taylor Companies is the leading developer, owner, and investment manager of Arizona's premier rental communities. Our mission is to create exceptional communities that invite, inspire, and feel like home. Because we function as a private developer, owner, and operator, our in-house team is able to maintain our high standards throughout every aspect of our business. Today, our diverse business lines as both a principal and service provider allow us to successfully adapt to trends within the real estate industry.",http://royal4ezp7xrbakkus3oofjw6gszrohpodmdnfbe5e4w3og5sm7vb3qd.onion/z3e1ZhnoLbyNaZtmh4MvuPEcxFrhJyo2,Royal,350Gb,438M,0,,350Gb,438M,0,
Pinnacle Communications,http://www.pinnaclecommunications.com,NA,13/12/2022,NA,"Pinnacle Communications merged with Justin Hannesson and Pinnacle West LLC to become the company that we are today. This dynamic strength exhibited within both companies merging into one has positioned Pinnacle as one of the most valued brands in the hospitality industry. Through all of 30-plus years, we continue to grow and our reputation for quality service and a robust product line keeps us in the forefront of the niche hospitality market. Pinnacle’s employees have always been the core and heartbeat of the company since the day we started. Along with an unmatched work-ethic, talent and ingenuity, Pinnacle’s all-star staff has survived the many economic and turbulent challenges of the past 30 years. Through it all our proven leadership team and staff have shown great determination and passion for our company, and we look forward to a bright future.",http://royal4ezp7xrbakkus3oofjw6gszrohpodmdnfbe5e4w3og5sm7vb3qd.onion/3EoiIsrycIDIBYtgjLVlU4M7uZ7EPdWc,Royal,560Gb,20M,100,Germantown|http://tkektnwbesdjrcllcdyqmcmtqvgbdbpyxpoa2xpvr2nq4gunbedwenid.onion/pinnacle/Germantown.tgz||IT|http://tkektnwbesdjrcllcdyqmcmtqvgbdbpyxpoa2xpvr2nq4gunbedwenid.onion/pinnacle/IT.tgz||Data|http://tkektnwbesdjrcllcdyqmcmtqvgbdbpyxpoa2xpvr2nq4gunbedwenid.onion/pinnacle/Data.tgz||Fargo|http://tkektnwbesdjrcllcdyqmcmtqvgbdbpyxpoa2xpvr2nq4gunbedwenid.onion/pinnacle/Fargo.tgz,560Gb,20M,100,Germantown|http://tkektnwbesdjrcllcdyqmcmtqvgbdbpyxpoa2xpvr2nq4gunbedwenid.onion/pinnacle/Germantown.tgz||IT|http://tkektnwbesdjrcllcdyqmcmtqvgbdbpyxpoa2xpvr2nq4gunbedwenid.onion/pinnacle/IT.tgz||Data|http://tkektnwbesdjrcllcdyqmcmtqvgbdbpyxpoa2xpvr2nq4gunbedwenid.onion/pinnacle/Data.tgz||Fargo|http://tkektnwbesdjrcllcdyqmcmtqvgbdbpyxpoa2xpvr2nq4gunbedwenid.onion/pinnacle/Fargo.tgz
Adams-Friendship Area School District,https://afasd.net,NA,07/12/2022,NA,"Adams-Friendship Area School DistrictAddress:500 North Pierce StreetAdams, WI 53910608-339-3016Site: www.afasd.net",http://royal4ezp7xrbakkus3oofjw6gszrohpodmdnfbe5e4w3og5sm7vb3qd.onion/fHwgR0YanBGlETinfc6ItRmggaR59AYS,Royal,0,0,100,Archive|http://tkektnwbesdjrcllcdyqmcmtqvgbdbpyxpoa2xpvr2nq4gunbedwenid.onion/AFASD/Archive.tgz,0,0,100,Archive|http://tkektnwbesdjrcllcdyqmcmtqvgbdbpyxpoa2xpvr2nq4gunbedwenid.onion/AFASD/Archive.tgz
All Seasons Global Solutions,https://allseasonmovers.com,NA,03/12/2022,NA,"All Season Movers NJ got your back anytime anywhereFinding trustworthy professionals that can provide you with quality moving and storage services is not always the easiest thing to do. That is why we have made it our priority to provide customers with both quality and affordable moving-related services. That makes us one of the best movers NJ has to offer and also – what makes us very proud.Our moving consultants have plenty of years of experience in planning and organizing all types of relocations. And our movers have undergone vigorous training in order to gain skills to perform any kind of packing and relocating services. From local to international, from one-bedroom apartments to several-stories commercial building relocations. Whether you are looking for NJ movers and packers or someone to provide you with partial moving and storage services, we are the ones to turn to.We are a team of people who love their job and that is something our clients can feel while moving. Our polite and diligent packers and movers pay special attention to all details concerning a move and that is why clients never fail to recommend us to friends and family. Contact our All Season Movers NJ and get your free and non-obligatory moving estimate. Let us show you how a stress-free and affordable relocation looks like!",http://royal4ezp7xrbakkus3oofjw6gszrohpodmdnfbe5e4w3og5sm7vb3qd.onion/MuWYApRUa1OFfbIItp05I0Sil2J86H0d,Royal,100Gb,15M,100,Archive1|http://tkektnwbesdjrcllcdyqmcmtqvgbdbpyxpoa2xpvr2nq4gunbedwenid.onion/allseasonmovers/Archive1.tgz||Archive2|http://tkektnwbesdjrcllcdyqmcmtqvgbdbpyxpoa2xpvr2nq4gunbedwenid.onion/allseasonmovers/Archive2.tgz||Archive3|http://tkektnwbesdjrcllcdyqmcmtqvgbdbpyxpoa2xpvr2nq4gunbedwenid.onion/allseasonmovers/Archive3.tgz,100Gb,15M,100,Archive1|http://tkektnwbesdjrcllcdyqmcmtqvgbdbpyxpoa2xpvr2nq4gunbedwenid.onion/allseasonmovers/Archive1.tgz||Archive2|http://tkektnwbesdjrcllcdyqmcmtqvgbdbpyxpoa2xpvr2nq4gunbedwenid.onion/allseasonmovers/Archive2.tgz||Archive3|http://tkektnwbesdjrcllcdyqmcmtqvgbdbpyxpoa2xpvr2nq4gunbedwenid.onion/allseasonmovers/Archive3.tgz
Summit,http://www.yoursummit.com,NA,02/12/2022,NA,"SummitWe are a national full-service benefits firm offering innovative and comprehensive solutions that cover the benefits, insurance and investments landscape. We are passionate about building relationships, providing experienced and thoughtful professional guidance that helps secure a healthy financial outlook.",http://royal4ezp7xrbakkus3oofjw6gszrohpodmdnfbe5e4w3og5sm7vb3qd.onion/vzeKmk3HgikUJ9p58BfDZls9y4RjJ4Bb,Royal,100Gb,60M,100,Scghost|http://tkektnwbesdjrcllcdyqmcmtqvgbdbpyxpoa2xpvr2nq4gunbedwenid.onion/summit/scghost.com.rar,100Gb,60M,100,Scghost|http://tkektnwbesdjrcllcdyqmcmtqvgbdbpyxpoa2xpvr2nq4gunbedwenid.onion/summit/scghost.com.rar
PGT Innovations,http://www.pgtinnovations.com,NA,02/12/2022,NA,"PGT InnovationsFor nearly 40 years, our people have been driven to create the strongest, safest building products on the market, with a resolute focus on always putting the customer first. As we’ve grown through Eze-Breeze® and PGT® Custom Windows + Doors, and strengthened by the addition of CGI® in 2015, WinDoor® in 2016, Western Window Systems and CGI Commercial in 2018, NewSouth Window Systems in 2020, and Eco Window Systems and Anlin Windows & Doors in 2021, we’ve developed a community centered around integrity, safety, innovation, and sustainable growth. Together as PGT Innovations™, we are leveraging this combined strength by integrating our collective offerings, commercializing new products, expanding our services, and moving into new markets. We invent. We build. We deliver.",http://royal4ezp7xrbakkus3oofjw6gszrohpodmdnfbe5e4w3og5sm7vb3qd.onion/ycUUex8iNTJfAqCDeDaZgBGiZqsRtDTz,Royal,1Tb,1B,100,Archive1|http://tkektnwbesdjrcllcdyqmcmtqvgbdbpyxpoa2xpvr2nq4gunbedwenid.onion/pgt/Archive1.tgz||Archive2|http://tkektnwbesdjrcllcdyqmcmtqvgbdbpyxpoa2xpvr2nq4gunbedwenid.onion/pgt/Archive2.tgz||Archive3|http://tkektnwbesdjrcllcdyqmcmtqvgbdbpyxpoa2xpvr2nq4gunbedwenid.onion/pgt/Archive3.tgz,1Tb,1B,100,Archive1|http://tkektnwbesdjrcllcdyqmcmtqvgbdbpyxpoa2xpvr2nq4gunbedwenid.onion/pgt/Archive1.tgz||Archive2|http://tkektnwbesdjrcllcdyqmcmtqvgbdbpyxpoa2xpvr2nq4gunbedwenid.onion/pgt/Archive2.tgz||Archive3|http://tkektnwbesdjrcllcdyqmcmtqvgbdbpyxpoa2xpvr2nq4gunbedwenid.onion/pgt/Archive3.tgz
Duplicator Sales &amp; Service,https://duplicatorsales.net/,NA,20/11/2022,NA,"Duplicator Sales & ServiceOFFICE EQUIPMENT. TECHNOLOGY. SERVICES. SECURITY. Duplicator Sales & Service offers document management, networking services, IT support, copiers, printers, wide formats, as well as fax and mailing solutions. Our company culture has developed around the philosophy that [we] don’t pay anyone, our customers pay all of us. So we work hard at total customer satisfaction, Harry M. Nash, founder 1959.Headquarters: 831 E Broadway, Louisville, Kentucky, 40204, United StatesPhone Number: (800) 633-8921Website: www.duplicatorsales.netRevenue: $28M",http://royal4ezp7xrbakkus3oofjw6gszrohpodmdnfbe5e4w3og5sm7vb3qd.onion/r3CZ9D4EBYmeFWXJhA2zRp49CwmIe2rJ,Royal,200,28M,100,http://7ctqkkbgbzeo4c53wpluqpcrjocaam6334ltj3lmcauuq6rtlwrzvbad.onion/duplicatorsales/,200,28M,100,http://7ctqkkbgbzeo4c53wpluqpcrjocaam6334ltj3lmcauuq6rtlwrzvbad.onion/duplicatorsales/
Trussbilt LLC,https://www.trussbilt.com,NA,18/11/2022,NA,"Trussbilt is the World's Formost Security & Detention Equipment ManufacturerFor over 90 years Trussbilt has made correctional facilities around the world more secure and cost-effective by designing and manufacturing security products that set the industry's standard for safety, quality and innovation. Trussbilt is a leading manufacturer of security wall panels, detention doors and frames, security ceilings, security floors, and specialty products.Headquarters: 555 Lincoln Ave NW, Huron, South Dakota, 57350, United StatesPhone Number: (605) 352-5283Website: www.trussbilt.comRevenue: $22M",http://royal4ezp7xrbakkus3oofjw6gszrohpodmdnfbe5e4w3og5sm7vb3qd.onion/1DuIUxOHZEJ8FUed4XGMDzSqyyDjQOfz,Royal,330Gb,22M,100,http://7ctqkkbgbzeo4c53wpluqpcrjocaam6334ltj3lmcauuq6rtlwrzvbad.onion/trussbilt/,330Gb,22M,100,http://7ctqkkbgbzeo4c53wpluqpcrjocaam6334ltj3lmcauuq6rtlwrzvbad.onion/trussbilt/
Cates Control Systems,https://www.cates.com,NA,28/11/2022,NA,"Cates Control Systems has been providing automation and control products to manufacturing companies for over 40 years. In 1978 Gordon Cates founded the company as a DC and Eddy current service company in Houston, Texas. Since that time Cates has evolved into an automation solutions company with engineering, fabrication, product and application expertise. Our company has always focused on providing customers with exceptional service.",http://royal4ezp7xrbakkus3oofjw6gszrohpodmdnfbe5e4w3og5sm7vb3qd.onion/tt1KQ9B7maSYR8o9suRDub11SqSkNpQQ,Royal,400Gb,66 Million,100,Bazell|http://tkektnwbesdjrcllcdyqmcmtqvgbdbpyxpoa2xpvr2nq4gunbedwenid.onion/case/Bazell.tgz||ACADE_2022|http://tkektnwbesdjrcllcdyqmcmtqvgbdbpyxpoa2xpvr2nq4gunbedwenid.onion/case/ACADE_2022.tgz||Safety|http://tkektnwbesdjrcllcdyqmcmtqvgbdbpyxpoa2xpvr2nq4gunbedwenid.onion/case/Safety.tgz||HR|http://tkektnwbesdjrcllcdyqmcmtqvgbdbpyxpoa2xpvr2nq4gunbedwenid.onion/case/HR.tgz||Accounting|http://tkektnwbesdjrcllcdyqmcmtqvgbdbpyxpoa2xpvr2nq4gunbedwenid.onion/case/Accounting.tgz||Job_Files|http://tkektnwbesdjrcllcdyqmcmtqvgbdbpyxpoa2xpvr2nq4gunbedwenid.onion/case/Job_Files.tgz||Sales|http://tkektnwbesdjrcllcdyqmcmtqvgbdbpyxpoa2xpvr2nq4gunbedwenid.onion/case/Sales.tgz,400Gb,66 Million,100,Bazell|http://tkektnwbesdjrcllcdyqmcmtqvgbdbpyxpoa2xpvr2nq4gunbedwenid.onion/case/Bazell.tgz||ACADE_2022|http://tkektnwbesdjrcllcdyqmcmtqvgbdbpyxpoa2xpvr2nq4gunbedwenid.onion/case/ACADE_2022.tgz||Safety|http://tkektnwbesdjrcllcdyqmcmtqvgbdbpyxpoa2xpvr2nq4gunbedwenid.onion/case/Safety.tgz||HR|http://tkektnwbesdjrcllcdyqmcmtqvgbdbpyxpoa2xpvr2nq4gunbedwenid.onion/case/HR.tgz||Accounting|http://tkektnwbesdjrcllcdyqmcmtqvgbdbpyxpoa2xpvr2nq4gunbedwenid.onion/case/Accounting.tgz||Job_Files|http://tkektnwbesdjrcllcdyqmcmtqvgbdbpyxpoa2xpvr2nq4gunbedwenid.onion/case/Job_Files.tgz||Sales|http://tkektnwbesdjrcllcdyqmcmtqvgbdbpyxpoa2xpvr2nq4gunbedwenid.onion/case/Sales.tgz
RMCLAW,https://www.rmclaw.net/,NA,17/11/2022,NA,"Righeimer Martin & Cinquino, P.C. was founded approximately eighty years ago by Frank S. Righeimer, a former presiding judge of the Circuit Court of Cook County, Illinois. Since that time, the firm has specialized in civil litigation, with an emphasis in the areas of eminent domain, probate administration, real estate and banking law.At Righeimer Martin & Cinquino, we are committed to offering quality legal services efficiently and at reasonable prices. Our firm is large enough to respond quickly to client needs, but small enough to offer a personalized approach for each client, while achieving an economical resolution.We are committed to serving the needs of our clients. For further information about our firm and its attorneys and practice areas, please explore this website. If Righeimer Martin & Cinquino can be of assistance to you.",http://royal4ezp7xrbakkus3oofjw6gszrohpodmdnfbe5e4w3og5sm7vb3qd.onion/0JPnH37BsVifMNBwujcM4d89HeyWDctj,Royal,30,5 M,100,http://7ctqkkbgbzeo4c53wpluqpcrjocaam6334ltj3lmcauuq6rtlwrzvbad.onion/RMCLAW/,30,5 M,100,http://7ctqkkbgbzeo4c53wpluqpcrjocaam6334ltj3lmcauuq6rtlwrzvbad.onion/RMCLAW/
Tubular Steel Inc,https://tubularsteel.ca,NA,21/11/2022,NA,"Tubular Steel Inc is a company that operates in the Mining & Metals industry. It employs 21-50 people and has $10M-$25M of revenue.Headquarters:285 Raleigh Ave, Scarborough, Ontario, M1K 1A5, Canada: (416) 261-9571: www.tubularsteel.ca: $19 MillionTubular Steel Inc. is a North American leader in precision welded steel tube production. Our culture of continuous improvement helps to maintain our leadership role as one of the most forward-thinking carbon steel tube manufacturers in North America.",http://royal4ezp7xrbakkus3oofjw6gszrohpodmdnfbe5e4w3og5sm7vb3qd.onion/TK8A92EVqyd95ZF1CNltwMEcOMMp0UCO,Royal,80 Gb,19M,100,http://7ctqkkbgbzeo4c53wpluqpcrjocaam6334ltj3lmcauuq6rtlwrzvbad.onion/TSI/,80 Gb,19M,100,http://7ctqkkbgbzeo4c53wpluqpcrjocaam6334ltj3lmcauuq6rtlwrzvbad.onion/TSI/
Law Firm of Friedman + Bartoumian,https://www.friedmanlawoffices.com/,NA,19/11/2022,NA,"Friedman & BartoumianCalifornia, United States · 43 EmployeesHeadquarters: 30401 Agoura Rd Ste 200, Agoura Hills, California, 91301, United States(818) 707-1488Facsimile: (818) 707-0490Tax Identification No. 95-4304462https://www.friedmanlawoffices.com/$10 MillionThe Law Firm of Friedman + Bartoumian offers a broad range of legal expertise. Our attorneys have earned the respect of other attorneys, judges and clients throughout California and the nation. In recognition of our legal ability and ethical standards, we have received a high rating from the Martindale-Hubbell organization, the most respected source of authoritative biographical information about members of the legal community worldwide.",http://royal4ezp7xrbakkus3oofjw6gszrohpodmdnfbe5e4w3og5sm7vb3qd.onion/c9GEYAPHDWg0moHqmS8zMHYcBU4bPFnc,Royal,104gb,10M,100,http://7ctqkkbgbzeo4c53wpluqpcrjocaam6334ltj3lmcauuq6rtlwrzvbad.onion/FRIEDMANS/,104gb,10M,100,http://7ctqkkbgbzeo4c53wpluqpcrjocaam6334ltj3lmcauuq6rtlwrzvbad.onion/FRIEDMANS/
McAndrews Law Offices,https://mcandrewslaw.com/,NA,12/11/2022,NA,"McAndrews Law Offices   Founded in 1983 and headquartered in Berwyn, Pennsylvania, McAndrews Law Firm is a legal representation firm. McAndrews Law Offices is a nationally recognized firm that is committed to providing families of Pennsylvania, Delaware, Maryland, the Metropolitan Washington, D.C. Area, and New Jersey with exceptional legal representation.   Since 1982, McAndrews Law Offices has provided exceptional representation on matters involving probate, estate planning, planning when a family member has a disability, special needs trusts, personal injury, guardianship, special education, public benefits for seniors, long-term medical care and elder law.",http://royal4ezp7xrbakkus3oofjw6gszrohpodmdnfbe5e4w3og5sm7vb3qd.onion/AfDDN4v2v0gyM3rV8FMkP6E9Y0zHaAmy,Royal,150 Gb,5M,100,http://7ctqkkbgbzeo4c53wpluqpcrjocaam6334ltj3lmcauuq6rtlwrzvbad.onion/mcandrewslaws/,150 Gb,5M,100,http://7ctqkkbgbzeo4c53wpluqpcrjocaam6334ltj3lmcauuq6rtlwrzvbad.onion/mcandrewslaws/
Virginia Farm Bureau,https://www.vafb.com,NA,17/11/2022,NA,"Virginia Farm Bureau is the largest non-profit agricultural advocacy organization in Virginia. With the support of our members, we help protect farming, agriculture, and the Virginia way of life.Virginia Farm Bureau Mutual Insurance Company was founded to protect the lives and livelihoods of Virginia's farmers. But today, we continue to offer the same reliable coverage to all Virginians.",http://royal4ezp7xrbakkus3oofjw6gszrohpodmdnfbe5e4w3og5sm7vb3qd.onion/rwZuQ1ClkZx33GEOkHWHmYXysO21Wl9A,Royal,1.3Tb,343 Million,100,Counties|http://tkektnwbesdjrcllcdyqmcmtqvgbdbpyxpoa2xpvr2nq4gunbedwenid.onion/vafb/Counties.tgz||DluDW|http://tkektnwbesdjrcllcdyqmcmtqvgbdbpyxpoa2xpvr2nq4gunbedwenid.onion/vafb/DluDW.tgz||HR|http://tkektnwbesdjrcllcdyqmcmtqvgbdbpyxpoa2xpvr2nq4gunbedwenid.onion/vafb/HR.tgz||HR1|http://tkektnwbesdjrcllcdyqmcmtqvgbdbpyxpoa2xpvr2nq4gunbedwenid.onion/vafb/HR1.tgz||Actuarial|http://tkektnwbesdjrcllcdyqmcmtqvgbdbpyxpoa2xpvr2nq4gunbedwenid.onion/vafb/Actuarial.tgz||Data|http://tkektnwbesdjrcllcdyqmcmtqvgbdbpyxpoa2xpvr2nq4gunbedwenid.onion/vafb/DATA.tgz,1.3Tb,343 Million,100,Counties|http://tkektnwbesdjrcllcdyqmcmtqvgbdbpyxpoa2xpvr2nq4gunbedwenid.onion/vafb/Counties.tgz||DluDW|http://tkektnwbesdjrcllcdyqmcmtqvgbdbpyxpoa2xpvr2nq4gunbedwenid.onion/vafb/DluDW.tgz||HR|http://tkektnwbesdjrcllcdyqmcmtqvgbdbpyxpoa2xpvr2nq4gunbedwenid.onion/vafb/HR.tgz||HR1|http://tkektnwbesdjrcllcdyqmcmtqvgbdbpyxpoa2xpvr2nq4gunbedwenid.onion/vafb/HR1.tgz||Actuarial|http://tkektnwbesdjrcllcdyqmcmtqvgbdbpyxpoa2xpvr2nq4gunbedwenid.onion/vafb/Actuarial.tgz||Data|http://tkektnwbesdjrcllcdyqmcmtqvgbdbpyxpoa2xpvr2nq4gunbedwenid.onion/vafb/DATA.tgz
Los Angeles Business Journal,https://www.labusinessjournal.com,NA,17/11/2022,NA,"The Los Angeles Business Journal, established in 1979, is a weekly newspaper and online news source in Los Angeles, California, which provides coverage of local business news.  According to the Journal's website, it has a weekly print circulation of 24,000 and over 40,000 unique monthly website visitors. It is published each Monday.[5]",http://royal4ezp7xrbakkus3oofjw6gszrohpodmdnfbe5e4w3og5sm7vb3qd.onion/tQtzBJ5hH7RopHZvOCczSxyFDHGEMO5B,Royal,360Gb,8 Million,100,HR|http://tkektnwbesdjrcllcdyqmcmtqvgbdbpyxpoa2xpvr2nq4gunbedwenid.onion/labj/HR.tgz||Accounting|http://tkektnwbesdjrcllcdyqmcmtqvgbdbpyxpoa2xpvr2nq4gunbedwenid.onion/labj/accounting.tgz||Shared|http://tkektnwbesdjrcllcdyqmcmtqvgbdbpyxpoa2xpvr2nq4gunbedwenid.onion/labj/Shared.tgz||Sales|http://tkektnwbesdjrcllcdyqmcmtqvgbdbpyxpoa2xpvr2nq4gunbedwenid.onion/labj/Sales_Archive.tgz,360Gb,8 Million,100,HR|http://tkektnwbesdjrcllcdyqmcmtqvgbdbpyxpoa2xpvr2nq4gunbedwenid.onion/labj/HR.tgz||Accounting|http://tkektnwbesdjrcllcdyqmcmtqvgbdbpyxpoa2xpvr2nq4gunbedwenid.onion/labj/accounting.tgz||Shared|http://tkektnwbesdjrcllcdyqmcmtqvgbdbpyxpoa2xpvr2nq4gunbedwenid.onion/labj/Shared.tgz||Sales|http://tkektnwbesdjrcllcdyqmcmtqvgbdbpyxpoa2xpvr2nq4gunbedwenid.onion/labj/Sales_Archive.tgz
M2S Electronics,https://www.m2selectronics.com,NA,17/11/2022,NA,"At M2S Electronics, we are committed to improving the world around us and doing business ""the right way"".The right way for our employees, for our suppliers and partners, for our customers and for the communities in which we live and work.M2S is partnering with manufacturers located in North America, offering electronic value-added subcontracting, designed to meet the customer’s expectations.In accordance with our values: Progress, Control and Harmony.",http://royal4ezp7xrbakkus3oofjw6gszrohpodmdnfbe5e4w3og5sm7vb3qd.onion/Sp5wVdXzb3PppvZmcEtw1ZF1UuP5MiDU,Royal,0,15 Million,0,,0,15 Million,0,
Cristal Controls,https://www.cristalcontrols.com,NA,15/11/2022,NA,"Cristal Controls manufactures energy management systems, low voltage lighting control systems, temperature controls, humidity controls, and automation electronic products for manufacturers, specialized distributors, and integrators. We design all our systems and provide the necessary product training.One of our main objectives is to ensure continued growth by delivering high-quality products within the specified deadline. We maintain close business relations with our customers by bringing them the appropriate solutions that truly fulfill their needs.﻿Cristal Controls, manufacturer of SCR and SSR power controllers, and of lighting control systems and energy management systems, was founded in Québec City in 1991. Since its creation, the company has maintained a solid and steady growth. Starting with only two employees and limited production capabilities, Cristal Controls’ team is now made up of almost 30 members, all working together for the success of your projects.With the years, we have gained a solid and considerable expertise in many lines of products, such as SCR and Triac modulating energy controllers, linear step controllers, BACnet’s energy management systems, low voltage lighting control systems, and automation systems.Cristal Controls collaborates with many major companies by providing them with high quality products as well as by developping for them customized solutions that meet their specific needs.",http://royal4ezp7xrbakkus3oofjw6gszrohpodmdnfbe5e4w3og5sm7vb3qd.onion/J8fWDTX7j8AyZlXCQLg2U65phWbhkrDm,Royal,125Gb,5 Million,100,Administration|http://tkektnwbesdjrcllcdyqmcmtqvgbdbpyxpoa2xpvr2nq4gunbedwenid.onion/cristal/Administration.tgz||Comptabilite|http://tkektnwbesdjrcllcdyqmcmtqvgbdbpyxpoa2xpvr2nq4gunbedwenid.onion/cristal/Comptabilite.tgz||Ventes|http://tkektnwbesdjrcllcdyqmcmtqvgbdbpyxpoa2xpvr2nq4gunbedwenid.onion/cristal/Ventes.tgz||Comptabilite2|http://tkektnwbesdjrcllcdyqmcmtqvgbdbpyxpoa2xpvr2nq4gunbedwenid.onion/cristal/Comptabilite2.tgz||Projets|http://tkektnwbesdjrcllcdyqmcmtqvgbdbpyxpoa2xpvr2nq4gunbedwenid.onion/cristal/Projets.tgz,125Gb,5 Million,100,Administration|http://tkektnwbesdjrcllcdyqmcmtqvgbdbpyxpoa2xpvr2nq4gunbedwenid.onion/cristal/Administration.tgz||Comptabilite|http://tkektnwbesdjrcllcdyqmcmtqvgbdbpyxpoa2xpvr2nq4gunbedwenid.onion/cristal/Comptabilite.tgz||Ventes|http://tkektnwbesdjrcllcdyqmcmtqvgbdbpyxpoa2xpvr2nq4gunbedwenid.onion/cristal/Ventes.tgz||Comptabilite2|http://tkektnwbesdjrcllcdyqmcmtqvgbdbpyxpoa2xpvr2nq4gunbedwenid.onion/cristal/Comptabilite2.tgz||Projets|http://tkektnwbesdjrcllcdyqmcmtqvgbdbpyxpoa2xpvr2nq4gunbedwenid.onion/cristal/Projets.tgz
"Naulty, Scaricamazza and McDevitt, LLC",https://naulty.com/,NA,20/10/2022,NA,"NaultyPennsylvania, United States · 56 Employees Headquarters: 1617 Jfk Blvd Ste 750, Philadelphia, Pennsylvania, 19103, United StatesPhone Number: (215) 568-5116Website: www.naulty.comRevenue: $14 MillionNaulty, Scaricamazza & McDevitt was founded in 1952 by the late John F. Naulty following his service as house counsel for two national insurance companies. He was then joined by Angelo L. Scaricamazza and Francis T. McDevitt. Angelo continued to practice law and lead the firm until his untimely passing on December 2, 2020. Francis remains a prominent attorney and leader. The firm has grown from small beginnings to being considered among the most active and respected firms in Pennsylvania, New Jersey and Delaware.Since it’s founding, our firm’s mission continues to be providing the highest level of representation while focusing on the individual needs of our clients. By thoroughly understanding and analyzing clients’ needs, we deliver tangible results that exceed their expectations. Our philosophy has earned us a strong reputation for superior counsel, cost-conscious litigation strategies and loyal clients.Our attorneys are all committed to providing our clients with diligent, aggressive and professionally responsible representation. Our firm’s self-insured clients consist of retail stores, shopping centers, manufacturing companies, trucking companies, and related governmental entities. On the insurance side, the firm has represented almost every type of business in existence.",http://royal4ezp7xrbakkus3oofjw6gszrohpodmdnfbe5e4w3og5sm7vb3qd.onion/KoiqaLC2wEiu8lwRz3m2Bln47Eb2Z5XW,Royal,365 Gb,$14 Million,100,http://7ctqkkbgbzeo4c53wpluqpcrjocaam6334ltj3lmcauuq6rtlwrzvbad.onion/nsm/,365 Gb,$14 Million,100,http://7ctqkkbgbzeo4c53wpluqpcrjocaam6334ltj3lmcauuq6rtlwrzvbad.onion/nsm/
Lamtec,http://www.lamtec.com,NA,15/11/2022,NA,"Lamtec Corporation is a global supplier of insulation vapor retarders and facings to the leading manufacturers, laminators and fabricators of fiberglass, rockwool, foam board and tape. Our focus is the building products market, specifically the Metal Building, Duct Wrap, Duct Board, Pipe, Foam Board / Panel, Tape and OEM insulation segments.Lamtec's insulation vapor retarders and facings are engineered to protect insulation from physical abuse and the damaging effects of moisture. In addition, our facings are designed with proprietary flame retardant chemistry to assist you in meeting demanding fire codes and standards.Our technical resources are available to leverage their decades of insulation industry experience to assist you in solving your product and process challenges.For over 40 years, our philosophy has been simple, ""Design and manufacture the very best in laminated insulation facing / vapor retarders, offer them at competitive pricing, deliver them on time and follow-up with comprehensive technical support"".Lamtec's 260,000 square foot facility is situated on a 45 acre site in Northeastern Pennsylvania, convenient to all New York metropolitan area ports and major North-South and East-West interstate highways.",http://royal4ezp7xrbakkus3oofjw6gszrohpodmdnfbe5e4w3og5sm7vb3qd.onion/g467lXDom7gd4euQ3rjBt44ZPaHEvhRg,Royal,60Gb,25 Million,0,,60Gb,25 Million,0,
The Keenan Agency Inc,https://www.keenanins.com,NA,02/11/2022,NA,"The Keenan Agency IncHeadquarters:6805 Avery-muirfield Dr Ste 200, Dublin, Ohio, 43016, United StatesPhone Number:(614) 764-7000Revenue: $5 MillionThe Keenan Agency Inc is a leading independent insurance agency in Central Ohio, founded in 1938. As a leader, The Keenan Agency insures thousands of clients nationwide. We provide each client a comprehensive insurance and risk management program tailored to their unique needs.We take pride in our consultative approach; at The Keenan Agency we take the time to understand your changing insurance needs, and will put a personal insurance or business insurance program in place that will deliver economy, superior protection, and risk management assistance.",http://royal4ezp7xrbakkus3oofjw6gszrohpodmdnfbe5e4w3og5sm7vb3qd.onion/lF6z6th0SjflD7YUUtF2DnTw9OHf9zfm,Royal,30Gb,5M,100,http://7ctqkkbgbzeo4c53wpluqpcrjocaam6334ltj3lmcauuq6rtlwrzvbad.onion/keenanins/,30Gb,5M,100,http://7ctqkkbgbzeo4c53wpluqpcrjocaam6334ltj3lmcauuq6rtlwrzvbad.onion/keenanins/
Q.E.P,https://www.qep.com,NA,11/11/2022,NA,"QEP Co., Inc. was founded in 1979. The first QEP branded tiling product was a “Do-It-Yourself” Bathtub Edging Kit. In 1981, this Bathtub Edging Kit was picked up by a small 6 store “home improvement” chain called The Home Depot, quickly opening the doors of opportunity for QEP in the tile tool market. Over 30 years later, QEP has become an established and recognized brand, specializing in installation tools and accessories for tile, porcelain and natural stone. Today, QEP products could be found in all 50 of the States and in over 80 countries worldwide. We continually introduce new and innovative products that address the challenges of today’s market including our 900XT 10” Pro Tile Saw that won the Surfaces 2014 Best New Product Award.",http://royal4ezp7xrbakkus3oofjw6gszrohpodmdnfbe5e4w3og5sm7vb3qd.onion/kWpnYeUKx374vhMdZoyH5MkvRLzP45oJ,Royal,420Gb,445 Million,100,Archive|http://tkektnwbesdjrcllcdyqmcmtqvgbdbpyxpoa2xpvr2nq4gunbedwenid.onion/qep/Archive.tgz||Accounting|http://tkektnwbesdjrcllcdyqmcmtqvgbdbpyxpoa2xpvr2nq4gunbedwenid.onion/qep/Accounting.tgz||FileCabinet|http://tkektnwbesdjrcllcdyqmcmtqvgbdbpyxpoa2xpvr2nq4gunbedwenid.onion/qep/FileCabinet.tgz||Home|http://tkektnwbesdjrcllcdyqmcmtqvgbdbpyxpoa2xpvr2nq4gunbedwenid.onion/qep/home.tgz||Archive2|http://tkektnwbesdjrcllcdyqmcmtqvgbdbpyxpoa2xpvr2nq4gunbedwenid.onion/qep/Archive2.tgz||Archive3|http://tkektnwbesdjrcllcdyqmcmtqvgbdbpyxpoa2xpvr2nq4gunbedwenid.onion/qep/Archive3.tgz||Archive1|http://tkektnwbesdjrcllcdyqmcmtqvgbdbpyxpoa2xpvr2nq4gunbedwenid.onion/qep/Archive1.tgz,420Gb,445 Million,100,Archive|http://tkektnwbesdjrcllcdyqmcmtqvgbdbpyxpoa2xpvr2nq4gunbedwenid.onion/qep/Archive.tgz||Accounting|http://tkektnwbesdjrcllcdyqmcmtqvgbdbpyxpoa2xpvr2nq4gunbedwenid.onion/qep/Accounting.tgz||FileCabinet|http://tkektnwbesdjrcllcdyqmcmtqvgbdbpyxpoa2xpvr2nq4gunbedwenid.onion/qep/FileCabinet.tgz||Home|http://tkektnwbesdjrcllcdyqmcmtqvgbdbpyxpoa2xpvr2nq4gunbedwenid.onion/qep/home.tgz||Archive2|http://tkektnwbesdjrcllcdyqmcmtqvgbdbpyxpoa2xpvr2nq4gunbedwenid.onion/qep/Archive2.tgz||Archive3|http://tkektnwbesdjrcllcdyqmcmtqvgbdbpyxpoa2xpvr2nq4gunbedwenid.onion/qep/Archive3.tgz||Archive1|http://tkektnwbesdjrcllcdyqmcmtqvgbdbpyxpoa2xpvr2nq4gunbedwenid.onion/qep/Archive1.tgz
B Fernandez &amp;amp; Hnos,http://bfernandez.com,NA,11/11/2022,NA,"Data on employees (lists with addresses, ID numbers, phone number, salary), financial documentation, lists of partners, tax information, sales report, payroll, PL report, 943 SQL database unloaded.",http://royal4ezp7xrbakkus3oofjw6gszrohpodmdnfbe5e4w3og5sm7vb3qd.onion/WqK6EMvldHPmIl9VS6MNfP9kYqeKyGAV,Royal,130Gb,171M,100,https://mega.nz/file/NX1BwI6T#7vRqrhVEVul1pFbVv7hbH8LfDFVnM2rqqLf0KGodyMU,130Gb,171M,100,https://mega.nz/file/NX1BwI6T#7vRqrhVEVul1pFbVv7hbH8LfDFVnM2rqqLf0KGodyMU
Adven,http://www.adven.com,NA,09/11/2022,NA,Passports / ProjectId / Budget / ,http://royal4ezp7xrbakkus3oofjw6gszrohpodmdnfbe5e4w3og5sm7vb3qd.onion/W4wyrWoMxRNGHyyYa7vupL4kQgGWLRC0,Royal,750gb,152M,1,http://k6s24pz55gtvtzzpg4riv7zb74vts425bl42zrpmice5ud3a65itj6ad.onion/AVINFRA/Sdjn2SsD/AVINFRA.STEP1.zip,750gb,152M,1,http://k6s24pz55gtvtzzpg4riv7zb74vts425bl42zrpmice5ud3a65itj6ad.onion/AVINFRA/Sdjn2SsD/AVINFRA.STEP1.zip
Zender,http://www.zender.de,NA,08/11/2022,NA,"Zender is a company that operates in the Automotive industry. It employs 1-5 people and has $1M-$5M of revenue. The company is headquartered in Mülheim Kärlich, Germany.",http://royal4ezp7xrbakkus3oofjw6gszrohpodmdnfbe5e4w3og5sm7vb3qd.onion/T0n0ybHPTo4eBbwZYZZH6zFyxCQGUdmu,Royal,10GB,5M,100,http://unirvhpzl6fbyvnfhomt6vnbhsdbi2axcfwbu2au4njqf2suuiiqvead.onion/Zender/,10GB,5M,100,http://unirvhpzl6fbyvnfhomt6vnbhsdbi2axcfwbu2au4njqf2suuiiqvead.onion/Zender/
Silverstone,http://www.silverstone.co.uk,NA,08/11/2022,NA,"The end of the Second World War had left Britain with no major race track but plenty of airfields. On 2 October 1948, the Royal Automobile Club hosted the first British Grand Prix at Silverstone, a former RAF base. An estimated 100,000 people flocked to see Luigi Villoresi beat 22 others in his Maserati marked by bales, ropes and canvas barriers. Silverstone racing history had begun.",http://royal4ezp7xrbakkus3oofjw6gszrohpodmdnfbe5e4w3og5sm7vb3qd.onion/HuGitmFOIeRrM1NE5e23diu0Fj2m48bR,Royal,110GB,57M,50,http://unirvhpzl6fbyvnfhomt6vnbhsdbi2axcfwbu2au4njqf2suuiiqvead.onion/TheBritishRacingDriversClubandSilverstoneCircuit/,110GB,57M,50,http://unirvhpzl6fbyvnfhomt6vnbhsdbi2axcfwbu2au4njqf2suuiiqvead.onion/TheBritishRacingDriversClubandSilverstoneCircuit/
ALLIANCE AFRICAINE D&#039;ASSURANCES,http://aviso.ci,NA,08/11/2022,NA,"17 BP 477 Abidjan 17 Plateau, Avenue Noguès, Imm. Trade Center, 3ème étage",http://royal4ezp7xrbakkus3oofjw6gszrohpodmdnfbe5e4w3og5sm7vb3qd.onion/a08oxocJxwY4LxS80iSBgha75Lbw0JO0,Royal,100GB,5M,50,http://unirvhpzl6fbyvnfhomt6vnbhsdbi2axcfwbu2au4njqf2suuiiqvead.onion/ALLIANCEAFRICAINED'ASSURANCES/,100GB,5M,50,http://unirvhpzl6fbyvnfhomt6vnbhsdbi2axcfwbu2au4njqf2suuiiqvead.onion/ALLIANCEAFRICAINED'ASSURANCES/
Ortmeier Maschinen- und Vorrichtungsbau GmbH &amp;amp; Co. KG,http://www.h-ortmeier.de,NA,08/11/2022,NA,"Seit 1976 bietet Ortmeier umfassende und durchdachte Lösungen im Bereich Maschinenbau, Vorrichtungsbau, Werkzeugbau sowie in der Automatisierungstechnik in Langenhaslach. Vom bereits bewährten Bauteil bis zur innovativen Neuentwicklung ist Ortmeier Ihr Ansprechpartner für zukunftsweisende und intelligente Fertigungsverfahren.Unser Antrieb ist, mit modernster Technologie Ihre Produktivität und Effizienz zu steigern.",http://royal4ezp7xrbakkus3oofjw6gszrohpodmdnfbe5e4w3og5sm7vb3qd.onion/nklkDK3FGVkopBLVW1kUxXdiKYQ0p0gF,Royal,200GB,5M,45,http://unirvhpzl6fbyvnfhomt6vnbhsdbi2axcfwbu2au4njqf2suuiiqvead.onion/h-ortmeier.de/,200GB,5M,45,http://unirvhpzl6fbyvnfhomt6vnbhsdbi2axcfwbu2au4njqf2suuiiqvead.onion/h-ortmeier.de/
Sohnen Enterprises,https://www.sohnen.com/,NA,07/11/2022,NA,"Sohnen Enterprises was founded in Los Angeles, California in 1971 by Barry Sohnen. At the time, Sohnen provided wholesale repair services to the importers and manufacturers of consumer electronic products that were popular at the time including portable radios, tape players and stereo systems. The initial business model was very simple and straightforward. Sohnen charged its suppliers a flat fee per unit to repair their product returns. Relatively early in its history, the business changed from this “Fee For Service” arrangement to a new business model wherein Sohnen simply purchased the defective returns outright and then refurbished, repackaged and ultimately resold them to it’s growing list of dealers and distributors. In so doing, Sohnen established itself as the pioneer in the consumer product refurbishing and resale business. Over its past half century in business, Sohnen moved from its first location pictured to the right to increasingly larger spaces, which today include a total of five separate large-scale factories and warehouses measuring close to one million square feet, located in Santa Fe Springs, California and Tijuana, Mexico. Over the course of its history, Sohnen has refurbished tens of millions of units of assorted consumer electronic products and small appliances while generating billions of dollars in sales to Sohnen. Along the way, Sohnen has been fortunate to attract and retain a team of incredibly talented and dedicated employees that have enabled the business to continually provide manufacturers and retailers with a time proven method to maximize their financial recovery and quickly convert their returned products into salable inventory.",http://royal4ezp7xrbakkus3oofjw6gszrohpodmdnfbe5e4w3og5sm7vb3qd.onion/LXu6M68E8TjtyZt4DSz8iaxKbZJGckZx,Royal,0,40 Million,100,sohnen|http://tkektnwbesdjrcllcdyqmcmtqvgbdbpyxpoa2xpvr2nq4gunbedwenid.onion/sohnen/sohnen_com.tgz,0,40 Million,100,sohnen|http://tkektnwbesdjrcllcdyqmcmtqvgbdbpyxpoa2xpvr2nq4gunbedwenid.onion/sohnen/sohnen_com.tgz
Sheehan Family Companies,http://www.sheehanfamilycompanies.com,NA,07/11/2022,NA,"Headquarters:35 Elder Ave, Kingston, Massachusetts, 02364, United States--pass: P@ssw0rd!pass: bfernandez",http://royal4ezp7xrbakkus3oofjw6gszrohpodmdnfbe5e4w3og5sm7vb3qd.onion/KAmU57IdHJ9ydzySUMgp3w2KfvCrvPwO,Royal,300Gb,$653 Million,100,https://mega.nz/file/QKNVgB6J#IczGgEzgSY4992-qp1PVHqPr7MpN1ln2z98lwd-Of50||https://mega.nz/file/QOkB1ZzR#5aTtg7ZMz0LVOG7hqoIklYQ2rSFAOM6dpXShOfbfIQI,300Gb,$653 Million,100,https://mega.nz/file/QKNVgB6J#IczGgEzgSY4992-qp1PVHqPr7MpN1ln2z98lwd-Of50||https://mega.nz/file/QOkB1ZzR#5aTtg7ZMz0LVOG7hqoIklYQ2rSFAOM6dpXShOfbfIQI
Ivaco Rolling Mills,http://ivacorm.com,NA,07/11/2022,NA,"Ivaco Rolling Mills Quality Policy, known as Q3, incorporates Management’s commitment to health, safety and environment in addition to quality. The Quality Policy provides the focus for the complete Ivaco Rolling Mills management system.At IRM, we are dedicated to improving quality in everything we do including:The reduction of the risk of accidents and health hazards to protect our employees and the surrounding environment.Pollution prevention and energy/resource conservation to protect the environment.The products and services we offer to satisfy our customers and their requirements.We strive towards continual improvement off the effectiveness of the processes within our integrated system, involving health and safety, environment and quality, while maintaining competitive cost. IRM is committed to compliance with all applicable legislation and industry standards. We are proud of our role as a good corporate citizen and endeavour to integrate our goals with those of the community.",http://royal4ezp7xrbakkus3oofjw6gszrohpodmdnfbe5e4w3og5sm7vb3qd.onion/lssUodWMnrcdfLVmMkbTV1FLS3uzGTSl,Royal,300Gb,147 Million,100,User|http://tkektnwbesdjrcllcdyqmcmtqvgbdbpyxpoa2xpvr2nq4gunbedwenid.onion/ivacorm/User_Shares.tgz||Common|http://tkektnwbesdjrcllcdyqmcmtqvgbdbpyxpoa2xpvr2nq4gunbedwenid.onion/ivacorm/Common_Shares.tgz,300Gb,147 Million,100,User|http://tkektnwbesdjrcllcdyqmcmtqvgbdbpyxpoa2xpvr2nq4gunbedwenid.onion/ivacorm/User_Shares.tgz||Common|http://tkektnwbesdjrcllcdyqmcmtqvgbdbpyxpoa2xpvr2nq4gunbedwenid.onion/ivacorm/Common_Shares.tgz
www.maynards.com,https://www.zoominfo.com/c/maynards-industries-ltd/24117794,NA,05/11/2022,NA,"Founded in 1902, Maynards is an auction, liquidation, appraisal, and financial services provider headquartered in Livonia, Michigan17177 N Laurel Park Dr Ste 236, Livonia, Michigan, 48152, United States",http://royal4ezp7xrbakkus3oofjw6gszrohpodmdnfbe5e4w3og5sm7vb3qd.onion/qDkLvYGpbENDL2D95G2egPdss6dooIm9,Royal,100Gb,$19 Million,100,https://mega.nz/folder/P2JgBAZZ#p3D8lhRWEn6_CFLW_P8ZgA,100Gb,$19 Million,100,https://mega.nz/folder/P2JgBAZZ#p3D8lhRWEn6_CFLW_P8ZgA
Quantum Plastics,https://quantumplastics.com,NA,27/10/2022,NA,"Here at Quantum Plastics, we work to satisfy specific customer requests, whatever they may be.From the water-cooler at the peewee football game and the food storage containers in your refrigerator (and maybe even part of your refrigerator) to the cluster on your dashboard, we are sure you have come across a Quantum Plastics product.",http://royal4ezp7xrbakkus3oofjw6gszrohpodmdnfbe5e4w3og5sm7vb3qd.onion/aEqzYtUaauH1Te0ulpDiqHb3WBfzYCtQ,Royal,460GB,39 Million,100,IQMS-RALEIGH|http://tkektnwbesdjrcllcdyqmcmtqvgbdbpyxpoa2xpvr2nq4gunbedwenid.onion/qp/IQMS-RALEIGH.tgz||File03|http://tkektnwbesdjrcllcdyqmcmtqvgbdbpyxpoa2xpvr2nq4gunbedwenid.onion/qp/File03.tgz||JUAREZ_FS1|http://tkektnwbesdjrcllcdyqmcmtqvgbdbpyxpoa2xpvr2nq4gunbedwenid.onion/qp/JUAREZ_FS1.tgz||JUAREZ-FS1|http://tkektnwbesdjrcllcdyqmcmtqvgbdbpyxpoa2xpvr2nq4gunbedwenid.onion/qp/JUAREZ-FS1.tgz||qpfile1|http://tkektnwbesdjrcllcdyqmcmtqvgbdbpyxpoa2xpvr2nq4gunbedwenid.onion/qp/qpfile1.tgz||QP|http://tkektnwbesdjrcllcdyqmcmtqvgbdbpyxpoa2xpvr2nq4gunbedwenid.onion/qp/QP-FILE03.tgz,460GB,39 Million,100,IQMS-RALEIGH|http://tkektnwbesdjrcllcdyqmcmtqvgbdbpyxpoa2xpvr2nq4gunbedwenid.onion/qp/IQMS-RALEIGH.tgz||File03|http://tkektnwbesdjrcllcdyqmcmtqvgbdbpyxpoa2xpvr2nq4gunbedwenid.onion/qp/File03.tgz||JUAREZ_FS1|http://tkektnwbesdjrcllcdyqmcmtqvgbdbpyxpoa2xpvr2nq4gunbedwenid.onion/qp/JUAREZ_FS1.tgz||JUAREZ-FS1|http://tkektnwbesdjrcllcdyqmcmtqvgbdbpyxpoa2xpvr2nq4gunbedwenid.onion/qp/JUAREZ-FS1.tgz||qpfile1|http://tkektnwbesdjrcllcdyqmcmtqvgbdbpyxpoa2xpvr2nq4gunbedwenid.onion/qp/qpfile1.tgz||QP|http://tkektnwbesdjrcllcdyqmcmtqvgbdbpyxpoa2xpvr2nq4gunbedwenid.onion/qp/QP-FILE03.tgz
Fishmans,https://fishmans.ca,NA,25/10/2022,NA,"Image experts that care, clean and preserve your clothes without chemicals. Est: 1945.Over 70 years of experience in the fabricare industry. We are Calgary’s most experienced Dry Cleaners.Fishman’s is the only green garment care cleaner in Calgary who has removed all PERC, solvents and other commonly used dry cleaning chemicals to become 100% solvent free. We believe your clothes and the environment deserve our additional care, time & attention to detail.",http://royal4ezp7xrbakkus3oofjw6gszrohpodmdnfbe5e4w3og5sm7vb3qd.onion/iR4Nl6Ul7hBVXIO3LeM9B9uuVudWFnKb,Royal,0,5 Million,0,,0,5 Million,0,
Pressco Technology,http://www.pressco.com,NA,14/10/2022,NA,Passports / Drawings / Project / Personal Docs / Finance,http://royal4ezp7xrbakkus3oofjw6gszrohpodmdnfbe5e4w3og5sm7vb3qd.onion/9QFB3PwNEBagld6kiREpUJ5OX83UvMsB,Royal,1.1tb,17M,1,http://k6s24pz55gtvtzzpg4riv7zb74vts425bl42zrpmice5ud3a65itj6ad.onion/PRESSCO/Sje72jSddhj/PRESSCO.STEP1.zip,1.1tb,17M,1,http://k6s24pz55gtvtzzpg4riv7zb74vts425bl42zrpmice5ud3a65itj6ad.onion/PRESSCO/Sje72jSddhj/PRESSCO.STEP1.zip
F.lli Veroni fu Angelo SpA,http://www.veroni.it,NA,14/10/2022,NA,Passports \ Projects \ Finance \ Contracts,http://royal4ezp7xrbakkus3oofjw6gszrohpodmdnfbe5e4w3og5sm7vb3qd.onion/rFIc5T0muSBh9luOAaBTrgsCYsczSzyE,Royal,153gb,26M,1,http://k6s24pz55gtvtzzpg4riv7zb74vts425bl42zrpmice5ud3a65itj6ad.onion/VERONI/SDJ2sdD3/VERONI.STEP1.zip,153gb,26M,1,http://k6s24pz55gtvtzzpg4riv7zb74vts425bl42zrpmice5ud3a65itj6ad.onion/VERONI/SDJ2sdD3/VERONI.STEP1.zip
Panda Power Funds,http://www.pandafunds.com,NA,13/10/2022,NA,"Panda Power Funds is focused on domestic, greenfield power development; brownfield acquisition and expansion; and developing solar and other energy projects in the United States and Canada. The Fund specializes in mitigating development and construction risks. Panda will assume these risks in working with its power customers. We will also use flexible structures to meet the needs of our power customers including long-term sales contracts; joint venture partnerships; and build, own or transfer arrangements.Panda Power Funds is continually exploring investment opportunities in both conventional and renewable energy. In addition to evaluating third-party opportunities and management teams, the firm has the ability to internally source and develop, acquire, invest in, and operate large-scale, natural gas-fueled and solar generating facilities.",http://royal4ezp7xrbakkus3oofjw6gszrohpodmdnfbe5e4w3og5sm7vb3qd.onion/p1j7ux0wLyHaGq3kjYrkjtLrmMsrEKPG,Royal,165Gb,175 Million,20,Departmental|http://tkektnwbesdjrcllcdyqmcmtqvgbdbpyxpoa2xpvr2nq4gunbedwenid.onion/panda/departmental.tgz||Data|http://tkektnwbesdjrcllcdyqmcmtqvgbdbpyxpoa2xpvr2nq4gunbedwenid.onion/panda/Data.tgz,165Gb,175 Million,20,Departmental|http://tkektnwbesdjrcllcdyqmcmtqvgbdbpyxpoa2xpvr2nq4gunbedwenid.onion/panda/departmental.tgz||Data|http://tkektnwbesdjrcllcdyqmcmtqvgbdbpyxpoa2xpvr2nq4gunbedwenid.onion/panda/Data.tgz
Whitney Oil and Gas,https://www.whitneyoilco.com,NA,13/10/2022,NA,"Address920 Memorial City Way, Suite 200, Houston, TX 77024 Phone: (832) 786-7151",http://royal4ezp7xrbakkus3oofjw6gszrohpodmdnfbe5e4w3og5sm7vb3qd.onion/DaiyI4Y9o0pNNIl1OHX9GMtsKY2MGIJK,Royal,1.1Tb,8 Million,100,Archive_Share|http://tkektnwbesdjrcllcdyqmcmtqvgbdbpyxpoa2xpvr2nq4gunbedwenid.onion/wog/Archive_Share.tgz||Accounting|http://tkektnwbesdjrcllcdyqmcmtqvgbdbpyxpoa2xpvr2nq4gunbedwenid.onion/wog/accounting.tgz||Acquisitions|http://tkektnwbesdjrcllcdyqmcmtqvgbdbpyxpoa2xpvr2nq4gunbedwenid.onion/wog/acquisitions.tgz||Legal|http://tkektnwbesdjrcllcdyqmcmtqvgbdbpyxpoa2xpvr2nq4gunbedwenid.onion/wog/legal.tgz||Land|http://tkektnwbesdjrcllcdyqmcmtqvgbdbpyxpoa2xpvr2nq4gunbedwenid.onion/wog/land.tgz||Phonebook|http://tkektnwbesdjrcllcdyqmcmtqvgbdbpyxpoa2xpvr2nq4gunbedwenid.onion/wog/phonebook.tgz||Procurement|http://tkektnwbesdjrcllcdyqmcmtqvgbdbpyxpoa2xpvr2nq4gunbedwenid.onion/wog/procurement.tgz||Home|http://tkektnwbesdjrcllcdyqmcmtqvgbdbpyxpoa2xpvr2nq4gunbedwenid.onion/wog/home.tgz||Operations|http://tkektnwbesdjrcllcdyqmcmtqvgbdbpyxpoa2xpvr2nq4gunbedwenid.onion/wog/operations.tgz||Archive|http://tkektnwbesdjrcllcdyqmcmtqvgbdbpyxpoa2xpvr2nq4gunbedwenid.onion/wog/archive.tgz,1.1Tb,8 Million,100,Archive_Share|http://tkektnwbesdjrcllcdyqmcmtqvgbdbpyxpoa2xpvr2nq4gunbedwenid.onion/wog/Archive_Share.tgz||Accounting|http://tkektnwbesdjrcllcdyqmcmtqvgbdbpyxpoa2xpvr2nq4gunbedwenid.onion/wog/accounting.tgz||Acquisitions|http://tkektnwbesdjrcllcdyqmcmtqvgbdbpyxpoa2xpvr2nq4gunbedwenid.onion/wog/acquisitions.tgz||Legal|http://tkektnwbesdjrcllcdyqmcmtqvgbdbpyxpoa2xpvr2nq4gunbedwenid.onion/wog/legal.tgz||Land|http://tkektnwbesdjrcllcdyqmcmtqvgbdbpyxpoa2xpvr2nq4gunbedwenid.onion/wog/land.tgz||Phonebook|http://tkektnwbesdjrcllcdyqmcmtqvgbdbpyxpoa2xpvr2nq4gunbedwenid.onion/wog/phonebook.tgz||Procurement|http://tkektnwbesdjrcllcdyqmcmtqvgbdbpyxpoa2xpvr2nq4gunbedwenid.onion/wog/procurement.tgz||Home|http://tkektnwbesdjrcllcdyqmcmtqvgbdbpyxpoa2xpvr2nq4gunbedwenid.onion/wog/home.tgz||Operations|http://tkektnwbesdjrcllcdyqmcmtqvgbdbpyxpoa2xpvr2nq4gunbedwenid.onion/wog/operations.tgz||Archive|http://tkektnwbesdjrcllcdyqmcmtqvgbdbpyxpoa2xpvr2nq4gunbedwenid.onion/wog/archive.tgz
Royal Imaging,http://www.royalimaging.com,NA,12/10/2022,NA,"Founded in 1996, Royal Imaging is an outsourcing company that specializes in document imaging and management. The company is headquartered in Houston.",http://royal4ezp7xrbakkus3oofjw6gszrohpodmdnfbe5e4w3og5sm7vb3qd.onion/DkQNlmhW7H8RxN99yqVF5dAuC5RBdfR5,Royal,250GB,17M,55,http://unirvhpzl6fbyvnfhomt6vnbhsdbi2axcfwbu2au4njqf2suuiiqvead.onion/Royal_Imaging/,250GB,17M,55,http://unirvhpzl6fbyvnfhomt6vnbhsdbi2axcfwbu2au4njqf2suuiiqvead.onion/Royal_Imaging/
Wiseyes,http://www.wiseyes.net,NA,12/10/2022,NA,Wiseyes LLC is a company that operates in the Internet industry.,http://royal4ezp7xrbakkus3oofjw6gszrohpodmdnfbe5e4w3og5sm7vb3qd.onion/XlWfDlfbcz1Do0UWqL2UTh9eNQHJ9wK7,Royal,200GB,5M,70,http://unirvhpzl6fbyvnfhomt6vnbhsdbi2axcfwbu2au4njqf2suuiiqvead.onion/WISEYES/,200GB,5M,70,http://unirvhpzl6fbyvnfhomt6vnbhsdbi2axcfwbu2au4njqf2suuiiqvead.onion/WISEYES/
InfoCision Corporation,https://www.infocision.com,NA,11/10/2022,NA,"Guiding Principles – We maintain the highest quality workforce by embodying three core principles into our workplace culture. Our Commitment to Excellence highlights our uncompromising pledge to quality and distinction. Whatever It Takes reflects our willingness to go beyond the call of duty, to ensure we deliver the highest quality results. Working Smarter is our operating concept that pertains to a variety of corporate aspects – from eliminating waste to investing in technologies that enable more efficient operations.Our Mission – InfoCision’s mission is to provide direct marketing solutions that deliver our clients the highest possible return on investment (ROI). We achieve our vision of being the highest quality marketing solutions partner by helping our clients build stronger relationships with their target audience, ensuring we make and take the highest quality calls, and by creating an upbeat, positive workplace. Our philosophy has been, and always will be, to provide the highest quality services to our valued customers.",http://royal4ezp7xrbakkus3oofjw6gszrohpodmdnfbe5e4w3og5sm7vb3qd.onion/zNR4yElavOhg4EbtgrSGj69TL00kYzz5,Royal,250Gb,308 million,100,Acc_Dep|http://tkektnwbesdjrcllcdyqmcmtqvgbdbpyxpoa2xpvr2nq4gunbedwenid.onion/infocision/Accounting_Department.tgz||Archive|http://tkektnwbesdjrcllcdyqmcmtqvgbdbpyxpoa2xpvr2nq4gunbedwenid.onion/infocision/archive.tgz||Archive2|http://tkektnwbesdjrcllcdyqmcmtqvgbdbpyxpoa2xpvr2nq4gunbedwenid.onion/infocision/archive2.tgz||Archive3|http://tkektnwbesdjrcllcdyqmcmtqvgbdbpyxpoa2xpvr2nq4gunbedwenid.onion/infocision/archive3.tgz||Archive4|http://tkektnwbesdjrcllcdyqmcmtqvgbdbpyxpoa2xpvr2nq4gunbedwenid.onion/infocision/archive4.tgz||Archive5|http://tkektnwbesdjrcllcdyqmcmtqvgbdbpyxpoa2xpvr2nq4gunbedwenid.onion/infocision/archive5.tgz||Archive6|http://tkektnwbesdjrcllcdyqmcmtqvgbdbpyxpoa2xpvr2nq4gunbedwenid.onion/infocision/archive6.tgz||Archive7|http://tkektnwbesdjrcllcdyqmcmtqvgbdbpyxpoa2xpvr2nq4gunbedwenid.onion/infocision/archive7.tgz||Archive8|http://tkektnwbesdjrcllcdyqmcmtqvgbdbpyxpoa2xpvr2nq4gunbedwenid.onion/infocision/archive8.tgz||Archive9|http://tkektnwbesdjrcllcdyqmcmtqvgbdbpyxpoa2xpvr2nq4gunbedwenid.onion/infocision/archive9.tgz,250Gb,308 million,100,Acc_Dep|http://tkektnwbesdjrcllcdyqmcmtqvgbdbpyxpoa2xpvr2nq4gunbedwenid.onion/infocision/Accounting_Department.tgz||Archive|http://tkektnwbesdjrcllcdyqmcmtqvgbdbpyxpoa2xpvr2nq4gunbedwenid.onion/infocision/archive.tgz||Archive2|http://tkektnwbesdjrcllcdyqmcmtqvgbdbpyxpoa2xpvr2nq4gunbedwenid.onion/infocision/archive2.tgz||Archive3|http://tkektnwbesdjrcllcdyqmcmtqvgbdbpyxpoa2xpvr2nq4gunbedwenid.onion/infocision/archive3.tgz||Archive4|http://tkektnwbesdjrcllcdyqmcmtqvgbdbpyxpoa2xpvr2nq4gunbedwenid.onion/infocision/archive4.tgz||Archive5|http://tkektnwbesdjrcllcdyqmcmtqvgbdbpyxpoa2xpvr2nq4gunbedwenid.onion/infocision/archive5.tgz||Archive6|http://tkektnwbesdjrcllcdyqmcmtqvgbdbpyxpoa2xpvr2nq4gunbedwenid.onion/infocision/archive6.tgz||Archive7|http://tkektnwbesdjrcllcdyqmcmtqvgbdbpyxpoa2xpvr2nq4gunbedwenid.onion/infocision/archive7.tgz||Archive8|http://tkektnwbesdjrcllcdyqmcmtqvgbdbpyxpoa2xpvr2nq4gunbedwenid.onion/infocision/archive8.tgz||Archive9|http://tkektnwbesdjrcllcdyqmcmtqvgbdbpyxpoa2xpvr2nq4gunbedwenid.onion/infocision/archive9.tgz
Master Medical Equipment,https://www.mmemed.com,NA,11/10/2022,NA,"What does the MME Promise mean to you?It means you get quality medical devices with the guarantee of lower prices and fewer headaches. It means you don’t have to sacrifice your entire budget in order to secure one piece of quality equipment. It means you don’t need to worry about the reliability and functionality of our products. It means you can bypass the hustle and cost from other companies…. and what it ultimately means is a better experience which leads to a happier you.Founded in 2011, Master Medical Equipment has always focused on one mission: selling professional devices with added value & services for our customer. How can we do this? By scanning the globe to create lasting relationships with reputable manufacturers who in turn, allow us to represent their equipment. We also offer additional value that you cannot find from other companies.When it comes to our equipment—we erase your worries. Our military-trained and certified biomedical technicians restore premium equipment to like-new condition and we offer that equipment WORLDWIDE for almost half the price you can find elsewhere. We thoroughly test each unit to ensure it meets our MME Five-Point Inspection Guarantee, passes all manufacturer guidelines, and satisfies FDA safety certifications before we ship to you. This is our MME Seal of Approval, that all our equipment is backed by the MME name and reputation. Plus, we give a 30-day money back guarantee on everything except respiratory equipment, and a one-year warranty on parts and labor. Now that’s confidence!",http://royal4ezp7xrbakkus3oofjw6gszrohpodmdnfbe5e4w3og5sm7vb3qd.onion/n1p0VBMIZriWizZFb0hj5B7miR2DS91p,Royal,240Gb,10 Million,100,archive1|http://tkektnwbesdjrcllcdyqmcmtqvgbdbpyxpoa2xpvr2nq4gunbedwenid.onion/mmemed/archive1.tgz||archive2|http://tkektnwbesdjrcllcdyqmcmtqvgbdbpyxpoa2xpvr2nq4gunbedwenid.onion/mmemed/archive2.tgz||archive3|http://tkektnwbesdjrcllcdyqmcmtqvgbdbpyxpoa2xpvr2nq4gunbedwenid.onion/mmemed/archive3.tgz||archive4|http://tkektnwbesdjrcllcdyqmcmtqvgbdbpyxpoa2xpvr2nq4gunbedwenid.onion/mmemed/archive4.tgz||archive5|http://tkektnwbesdjrcllcdyqmcmtqvgbdbpyxpoa2xpvr2nq4gunbedwenid.onion/mmemed/archive5.tgz||mail_address|http://tkektnwbesdjrcllcdyqmcmtqvgbdbpyxpoa2xpvr2nq4gunbedwenid.onion/mmemed/mail_address.tar,240Gb,10 Million,100,archive1|http://tkektnwbesdjrcllcdyqmcmtqvgbdbpyxpoa2xpvr2nq4gunbedwenid.onion/mmemed/archive1.tgz||archive2|http://tkektnwbesdjrcllcdyqmcmtqvgbdbpyxpoa2xpvr2nq4gunbedwenid.onion/mmemed/archive2.tgz||archive3|http://tkektnwbesdjrcllcdyqmcmtqvgbdbpyxpoa2xpvr2nq4gunbedwenid.onion/mmemed/archive3.tgz||archive4|http://tkektnwbesdjrcllcdyqmcmtqvgbdbpyxpoa2xpvr2nq4gunbedwenid.onion/mmemed/archive4.tgz||archive5|http://tkektnwbesdjrcllcdyqmcmtqvgbdbpyxpoa2xpvr2nq4gunbedwenid.onion/mmemed/archive5.tgz||mail_address|http://tkektnwbesdjrcllcdyqmcmtqvgbdbpyxpoa2xpvr2nq4gunbedwenid.onion/mmemed/mail_address.tar
Midwest Orthopaedic Consultants,https://orthoexperts.com/,NA,10/10/2022,NA,"Midwest Orthopaedic Consultants is your one source for orthopedic care, providing comprehensive orthopedic surgery specialists in two suburban Chicago location.Midwest Orthopaedic Consultants represents the new way of delivering affordable, quality, and convenient orthopedic care. The concept of this facility is to provide one of the few self-contained orthopedic facilities in the nation, centered on assuring comfort and convenience for our patients and their families. Our experienced physicians and friendly staff provide high quality care and a comprehensive range of diagnostic, surgical and rehabilitative services to meet all your orthopedic needs. Our physicians provide both inpatient and outpatient surgical care and nonsurgical treatments such as bracing and injections. The close communication between our treatment members facilitates your quick recovery with minimal cost.",http://royal4ezp7xrbakkus3oofjw6gszrohpodmdnfbe5e4w3og5sm7vb3qd.onion/JDNyOEyYWfKtF5dltVCOR389Fiw80VhF,Royal,25Gb,28 Million,100,midwest|http://tkektnwbesdjrcllcdyqmcmtqvgbdbpyxpoa2xpvr2nq4gunbedwenid.onion/orthoexperts/midwest.tar||MIDWEST1|http://tkektnwbesdjrcllcdyqmcmtqvgbdbpyxpoa2xpvr2nq4gunbedwenid.onion/orthoexperts/MIDWEST1.tar,25Gb,28 Million,100,midwest|http://tkektnwbesdjrcllcdyqmcmtqvgbdbpyxpoa2xpvr2nq4gunbedwenid.onion/orthoexperts/midwest.tar||MIDWEST1|http://tkektnwbesdjrcllcdyqmcmtqvgbdbpyxpoa2xpvr2nq4gunbedwenid.onion/orthoexperts/MIDWEST1.tar
PowerSoft Development,http://www.power-soft.com,NA,10/10/2022,NA,"PowerSoft Development Corp., Sooke, BC. 205 likes 41 were here. Integrate Software Solutions is more than just a slogan, it is how we design our software to become an integral part of your business.",http://royal4ezp7xrbakkus3oofjw6gszrohpodmdnfbe5e4w3og5sm7vb3qd.onion/hKT61w1w1Rz9XpJ6dNSonjCDBvWgp8G2,Royal,100Gb,5 Million,100,clients|http://tkektnwbesdjrcllcdyqmcmtqvgbdbpyxpoa2xpvr2nq4gunbedwenid.onion/powersoft/clients.tar||data|http://tkektnwbesdjrcllcdyqmcmtqvgbdbpyxpoa2xpvr2nq4gunbedwenid.onion/powersoft/data1.tar,100Gb,5 Million,100,clients|http://tkektnwbesdjrcllcdyqmcmtqvgbdbpyxpoa2xpvr2nq4gunbedwenid.onion/powersoft/clients.tar||data|http://tkektnwbesdjrcllcdyqmcmtqvgbdbpyxpoa2xpvr2nq4gunbedwenid.onion/powersoft/data1.tar
Sunwell Technologies,https://www.sunwell.com,NA,10/10/2022,NA,"Sunwell is the leading global provider of advanced food preservation and cooling technology to industry leaders around the world.Founded in Canada in 1978, Sunwell is the originator of slurry ice technology and continues to be the world leader in the field of slurry ice production, storage and distribution systems. For over 40 years we have continuously introduced disruptive technologies to the world and our patented technologies have brought groundbreaking changes to a range of industries, from food processing to transportation to HVAC.Our technology has been recognized as the most advanced and effective means of cooling and preservation available for a wide range of applications. We are proud of the impact that our technology offers to our clients: fresher foods, cleaner environment and energy savings. There is no challenge that we are afraid to take on and we continue to innovate and push the boundaries of technology.",http://royal4ezp7xrbakkus3oofjw6gszrohpodmdnfbe5e4w3og5sm7vb3qd.onion/4A2kDZusaMP7mrHsr9OMugaIcyVt46d2,Royal,65Gb,7 Million,100,Natalya|http://tkektnwbesdjrcllcdyqmcmtqvgbdbpyxpoa2xpvr2nq4gunbedwenid.onion/sunwell/Natalya_Sep_07_2020.tar||Global|http://tkektnwbesdjrcllcdyqmcmtqvgbdbpyxpoa2xpvr2nq4gunbedwenid.onion/sunwell/Global.tar||Quality|http://tkektnwbesdjrcllcdyqmcmtqvgbdbpyxpoa2xpvr2nq4gunbedwenid.onion/sunwell/Quality.tar||Quotations|http://tkektnwbesdjrcllcdyqmcmtqvgbdbpyxpoa2xpvr2nq4gunbedwenid.onion/sunwell/Quotations.tgz||Finance|http://tkektnwbesdjrcllcdyqmcmtqvgbdbpyxpoa2xpvr2nq4gunbedwenid.onion/sunwell/Shared-Finance.tgz||SUNWELL|http://tkektnwbesdjrcllcdyqmcmtqvgbdbpyxpoa2xpvr2nq4gunbedwenid.onion/sunwell/SUNWELL.tgz,65Gb,7 Million,100,Natalya|http://tkektnwbesdjrcllcdyqmcmtqvgbdbpyxpoa2xpvr2nq4gunbedwenid.onion/sunwell/Natalya_Sep_07_2020.tar||Global|http://tkektnwbesdjrcllcdyqmcmtqvgbdbpyxpoa2xpvr2nq4gunbedwenid.onion/sunwell/Global.tar||Quality|http://tkektnwbesdjrcllcdyqmcmtqvgbdbpyxpoa2xpvr2nq4gunbedwenid.onion/sunwell/Quality.tar||Quotations|http://tkektnwbesdjrcllcdyqmcmtqvgbdbpyxpoa2xpvr2nq4gunbedwenid.onion/sunwell/Quotations.tgz||Finance|http://tkektnwbesdjrcllcdyqmcmtqvgbdbpyxpoa2xpvr2nq4gunbedwenid.onion/sunwell/Shared-Finance.tgz||SUNWELL|http://tkektnwbesdjrcllcdyqmcmtqvgbdbpyxpoa2xpvr2nq4gunbedwenid.onion/sunwell/SUNWELL.tgz
Miller Milling,https://millermilling.com,NA,10/10/2022,NA,"We may be one of the top four milling operations in the U.S. (and we are). But we don’t let that get in the way of treating your company like it’s our own. Because your individual needs matter. Miller Milling will work with you to find solutions — including flours — that fit your business.We define ourselves by our mission. It’s simple: to provide our customers with safe, high-quality grain-based products. More than that, our goal is to back up what we produce with exceptional service, carried out by exceptional, engaged people.It’s been that way since we were founded in in Minneapolis in 1985. It was true when we became part of Japan’s Nisshin Seifun Group in 2012. And it remains true to this day. No matter what, we’ll always be Miller Milling. Find out why below.",http://royal4ezp7xrbakkus3oofjw6gszrohpodmdnfbe5e4w3og5sm7vb3qd.onion/u9dq5qsizZce4SieYew8NinSmIi1VSSX,Royal,375Gb,56 Million,100,Arhives|http://tkektnwbesdjrcllcdyqmcmtqvgbdbpyxpoa2xpvr2nq4gunbedwenid.onion/millermilling/Arhives.tar||Data1|http://tkektnwbesdjrcllcdyqmcmtqvgbdbpyxpoa2xpvr2nq4gunbedwenid.onion/millermilling/Data1.tar||Data2|http://tkektnwbesdjrcllcdyqmcmtqvgbdbpyxpoa2xpvr2nq4gunbedwenid.onion/millermilling/Data2.tgz||Dfs|http://tkektnwbesdjrcllcdyqmcmtqvgbdbpyxpoa2xpvr2nq4gunbedwenid.onion/millermilling/Dfs.tgz||netshare|http://tkektnwbesdjrcllcdyqmcmtqvgbdbpyxpoa2xpvr2nq4gunbedwenid.onion/millermilling/netshare.tgz||Scan|http://tkektnwbesdjrcllcdyqmcmtqvgbdbpyxpoa2xpvr2nq4gunbedwenid.onion/millermilling/Scan.tgz||Share|http://tkektnwbesdjrcllcdyqmcmtqvgbdbpyxpoa2xpvr2nq4gunbedwenid.onion/millermilling/Share.tgz||file1|http://tkektnwbesdjrcllcdyqmcmtqvgbdbpyxpoa2xpvr2nq4gunbedwenid.onion/millermilling/file1.tgz,375Gb,56 Million,100,Arhives|http://tkektnwbesdjrcllcdyqmcmtqvgbdbpyxpoa2xpvr2nq4gunbedwenid.onion/millermilling/Arhives.tar||Data1|http://tkektnwbesdjrcllcdyqmcmtqvgbdbpyxpoa2xpvr2nq4gunbedwenid.onion/millermilling/Data1.tar||Data2|http://tkektnwbesdjrcllcdyqmcmtqvgbdbpyxpoa2xpvr2nq4gunbedwenid.onion/millermilling/Data2.tgz||Dfs|http://tkektnwbesdjrcllcdyqmcmtqvgbdbpyxpoa2xpvr2nq4gunbedwenid.onion/millermilling/Dfs.tgz||netshare|http://tkektnwbesdjrcllcdyqmcmtqvgbdbpyxpoa2xpvr2nq4gunbedwenid.onion/millermilling/netshare.tgz||Scan|http://tkektnwbesdjrcllcdyqmcmtqvgbdbpyxpoa2xpvr2nq4gunbedwenid.onion/millermilling/Scan.tgz||Share|http://tkektnwbesdjrcllcdyqmcmtqvgbdbpyxpoa2xpvr2nq4gunbedwenid.onion/millermilling/Share.tgz||file1|http://tkektnwbesdjrcllcdyqmcmtqvgbdbpyxpoa2xpvr2nq4gunbedwenid.onion/millermilling/file1.tgz
The Benbrook Public Library,https://www.benbrooklibrary.org,NA,07/10/2022,NA,"The Benbrook Public Library will enhance our clients’ quality of life by providing a safe and comfortable facility and resources that meet informational needs, encourage lifelong learning, provide cultural enrichment, and support responsible citizenship. The library provides free services to all residents living within the Benbrook city boundaries, as well as non-residents.  In addition to offering access to a vast array of reading, listening, and viewing material, we also deliver a wealth of helpful and enriching services to our patrons. Whether you’d like to surf the Web, do some research with our databases, receive computer instruction, participate in a book club, enjoy storytime, create in our Makerspace, or just lounge in our reading area with a good book, we’ve got something for you.Our friendly and professional staff is eager to serve you.",http://royal4ezp7xrbakkus3oofjw6gszrohpodmdnfbe5e4w3og5sm7vb3qd.onion/pHU3Kvb4McYpxiHzokUX90tGzmIoAfM7,Royal,105Gb,5 Million,100,Archive|http://tkektnwbesdjrcllcdyqmcmtqvgbdbpyxpoa2xpvr2nq4gunbedwenid.onion/lieberbros/archive.tgz||Credit|http://tkektnwbesdjrcllcdyqmcmtqvgbdbpyxpoa2xpvr2nq4gunbedwenid.onion/lieberbros/Credit.tgz||Archive2|http://tkektnwbesdjrcllcdyqmcmtqvgbdbpyxpoa2xpvr2nq4gunbedwenid.onion/lieberbros/archive2.tgz||Archive3|http://tkektnwbesdjrcllcdyqmcmtqvgbdbpyxpoa2xpvr2nq4gunbedwenid.onion/lieberbros/archive3.tgz||Archive4|http://tkektnwbesdjrcllcdyqmcmtqvgbdbpyxpoa2xpvr2nq4gunbedwenid.onion/lieberbros/archive4.tgz,105Gb,5 Million,100,Archive|http://tkektnwbesdjrcllcdyqmcmtqvgbdbpyxpoa2xpvr2nq4gunbedwenid.onion/lieberbros/archive.tgz||Credit|http://tkektnwbesdjrcllcdyqmcmtqvgbdbpyxpoa2xpvr2nq4gunbedwenid.onion/lieberbros/Credit.tgz||Archive2|http://tkektnwbesdjrcllcdyqmcmtqvgbdbpyxpoa2xpvr2nq4gunbedwenid.onion/lieberbros/archive2.tgz||Archive3|http://tkektnwbesdjrcllcdyqmcmtqvgbdbpyxpoa2xpvr2nq4gunbedwenid.onion/lieberbros/archive3.tgz||Archive4|http://tkektnwbesdjrcllcdyqmcmtqvgbdbpyxpoa2xpvr2nq4gunbedwenid.onion/lieberbros/archive4.tgz
Camino Real Kitchens,https://www.caminorealkitchens.com,NA,07/10/2022,NA,"Camino Real Kitchens is a proud privately-held company located in the heart of Los Angeles, California. For over a quarter of a century, we've been cooking up great tasting Mexican food for millions of satisfied customers. Our brands include Tina's, the nation's leading brand of individually wrapped burritos, and Las Campanas, our family pack brand of burritos. All of our products are available at grocers across the country. ",http://royal4ezp7xrbakkus3oofjw6gszrohpodmdnfbe5e4w3og5sm7vb3qd.onion/qDsxgpdoz1U9OVooA5rx4pmwjw9yWuAk,Royal,116Gb,104 Million,100,Financial|http://tkektnwbesdjrcllcdyqmcmtqvgbdbpyxpoa2xpvr2nq4gunbedwenid.onion/camino/FinancialReports.tgz||Archive1|http://tkektnwbesdjrcllcdyqmcmtqvgbdbpyxpoa2xpvr2nq4gunbedwenid.onion/camino/archive1.tgz||Archive2|http://tkektnwbesdjrcllcdyqmcmtqvgbdbpyxpoa2xpvr2nq4gunbedwenid.onion/camino/archive2.tgz,116Gb,104 Million,100,Financial|http://tkektnwbesdjrcllcdyqmcmtqvgbdbpyxpoa2xpvr2nq4gunbedwenid.onion/camino/FinancialReports.tgz||Archive1|http://tkektnwbesdjrcllcdyqmcmtqvgbdbpyxpoa2xpvr2nq4gunbedwenid.onion/camino/archive1.tgz||Archive2|http://tkektnwbesdjrcllcdyqmcmtqvgbdbpyxpoa2xpvr2nq4gunbedwenid.onion/camino/archive2.tgz
Happy Sapiens Dental,https://happysapiensdental.com,NA,07/10/2022,NA,"Personalized dental care enables us to provide the quality family dentistry in Pinehurst and Woodlands our patients deserve. We provide comprehensive dental treatment planning and use restorative and cosmetic dentistry to achieve your optimal dental health. Should a Pinehurst and Woodlands dental emergency occur, we make every effort to care for our patients as soon as possible.As a practice, we are true believers that preventative dental care and education are the keys to optimal dental health. We strive to provide “dental health care” vs. “disease care”. That is why we focus on thorough dental exams – checking the overall health of your teeth and gums, performing oral cancer exams, and taking x-rays when necessary. We also know that routine cleaning, flossing, sealants, and fluoride are all helpful in preventing dental disease. Not only are we focused on the beauty of your smile, we’re also concerned about your health. A review of your medical history can help us stay informed of your overall health, any new medications, and any illnesses that may impact your dental health.Building a foundation of trust by treating our patients as special individuals is vital to our success. We understand how uneasy some patients may feel about their dental visits, and how we can make a difference in providing a relaxing and positive experience. Our entire team is dedicated to providing you with excellent, personalized care and service to make your visits as comfortable and pleasant as possible.",http://royal4ezp7xrbakkus3oofjw6gszrohpodmdnfbe5e4w3og5sm7vb3qd.onion/dj4RP2i5rDBgch5MJmDUX5kPROW0MOaa,Royal,40Gb,5 Million,100,Office|http://tkektnwbesdjrcllcdyqmcmtqvgbdbpyxpoa2xpvr2nq4gunbedwenid.onion/hsd/Office.tar||public|http://tkektnwbesdjrcllcdyqmcmtqvgbdbpyxpoa2xpvr2nq4gunbedwenid.onion/hsd/public.tgz,40Gb,5 Million,100,Office|http://tkektnwbesdjrcllcdyqmcmtqvgbdbpyxpoa2xpvr2nq4gunbedwenid.onion/hsd/Office.tar||public|http://tkektnwbesdjrcllcdyqmcmtqvgbdbpyxpoa2xpvr2nq4gunbedwenid.onion/hsd/public.tgz
Priority Power Management,https://www.prioritypower.net,NA,06/10/2022,NA,"Priority Power Management is an independent energy management services and consulting firm. We act as an extension of our client’s staff to develop and implement strategies that mitigate risk and overcome сhallenges associated with managing energy data, supply, demand, and delivery infrastructure. By leveraging our deep experience and resources, combined with unsurpassed commitment, Priority delivers financial and operational improvements to our clients as their trusted energy advisor.",http://royal4ezp7xrbakkus3oofjw6gszrohpodmdnfbe5e4w3og5sm7vb3qd.onion/giUv5kmMdnupESQqz1ceWwpGsm08LKEh,Royal,200Gb,14 Million,100,Accounting|http://tkektnwbesdjrcllcdyqmcmtqvgbdbpyxpoa2xpvr2nq4gunbedwenid.onion/ppm/Accounting.tar||Share|http://tkektnwbesdjrcllcdyqmcmtqvgbdbpyxpoa2xpvr2nq4gunbedwenid.onion/ppm/Share.tar,200Gb,14 Million,100,Accounting|http://tkektnwbesdjrcllcdyqmcmtqvgbdbpyxpoa2xpvr2nq4gunbedwenid.onion/ppm/Accounting.tar||Share|http://tkektnwbesdjrcllcdyqmcmtqvgbdbpyxpoa2xpvr2nq4gunbedwenid.onion/ppm/Share.tar
Northwest Michigan Health Services,https://nmhsi.org,NA,06/10/2022,NA,"We are dedicated to providing quality healthcare through a wide range of health services to the people in our communities, always serving with dignity and compassion.Above all else, Northwest Michigan Health Services Inc. (NMHSI) takes a positive approach to health care, believing consistent, quality health care is within reach, for everyone. With the patient at the center of all we do, we provide easier ways to access medical, dental and behavioral health services in a compassionate and comfortable environment. Every day, we help patients overcome barriers to health care—cost, time, transportation, language—and navigate their wellness journey. We truly take a fresh attitude to health care and share our passion for helping people. So much good goes on at NMHSI!",http://royal4ezp7xrbakkus3oofjw6gszrohpodmdnfbe5e4w3og5sm7vb3qd.onion/FwFPRqUmJcrd8MSJOoD0WfiXhproqLv8,Royal,500Gb,8 Million,100,Accounting|http://tkektnwbesdjrcllcdyqmcmtqvgbdbpyxpoa2xpvr2nq4gunbedwenid.onion/hmsi/Accounting.tgz||Admin|http://tkektnwbesdjrcllcdyqmcmtqvgbdbpyxpoa2xpvr2nq4gunbedwenid.onion/hmsi/Admin.tgz||HRFiles|http://tkektnwbesdjrcllcdyqmcmtqvgbdbpyxpoa2xpvr2nq4gunbedwenid.onion/hmsi/HRFiles.tgz||Global|http://tkektnwbesdjrcllcdyqmcmtqvgbdbpyxpoa2xpvr2nq4gunbedwenid.onion/hmsi/Global.tgz||ScansAdmin|http://tkektnwbesdjrcllcdyqmcmtqvgbdbpyxpoa2xpvr2nq4gunbedwenid.onion/hmsi/ScansAdmin.tgz||ScansStaff|http://tkektnwbesdjrcllcdyqmcmtqvgbdbpyxpoa2xpvr2nq4gunbedwenid.onion/hmsi/ScansStaff.tgz,500Gb,8 Million,100,Accounting|http://tkektnwbesdjrcllcdyqmcmtqvgbdbpyxpoa2xpvr2nq4gunbedwenid.onion/hmsi/Accounting.tgz||Admin|http://tkektnwbesdjrcllcdyqmcmtqvgbdbpyxpoa2xpvr2nq4gunbedwenid.onion/hmsi/Admin.tgz||HRFiles|http://tkektnwbesdjrcllcdyqmcmtqvgbdbpyxpoa2xpvr2nq4gunbedwenid.onion/hmsi/HRFiles.tgz||Global|http://tkektnwbesdjrcllcdyqmcmtqvgbdbpyxpoa2xpvr2nq4gunbedwenid.onion/hmsi/Global.tgz||ScansAdmin|http://tkektnwbesdjrcllcdyqmcmtqvgbdbpyxpoa2xpvr2nq4gunbedwenid.onion/hmsi/ScansAdmin.tgz||ScansStaff|http://tkektnwbesdjrcllcdyqmcmtqvgbdbpyxpoa2xpvr2nq4gunbedwenid.onion/hmsi/ScansStaff.tgz
Talas Engineering,https://www.talasinc.com,NA,04/10/2022,NA,"Challenging questions are asked when accidents happen or when people get hurt. Talas Engineering provides knowledge and information to answer these questions by combining professional engineering with insightful scientific analysis, research, and testing. With a team of highly-qualified engineers and staff, our technical services incorporate state-of-the-art techniques and current knowledge in Accident Reconstruction, Biomechanics, Design Analysis, Failure Analysis, Forensic Visualization and Polymer and Chemical Analysis. The Talas Engineering team can respond quickly to perform accident investigations and engineering evaluations as well as perform in-depth analyses. Headquartered in the San Francisco Bay Area, we provide engineering and technical services throughout the United States.",http://royal4ezp7xrbakkus3oofjw6gszrohpodmdnfbe5e4w3og5sm7vb3qd.onion/HX4Av27EHHiSPQd1zLto8XSeL0k6E4FB,Royal,410Gb,5 Million,100,Accounting|http://tkektnwbesdjrcllcdyqmcmtqvgbdbpyxpoa2xpvr2nq4gunbedwenid.onion/talasinc/accounting.tar||Administration|http://tkektnwbesdjrcllcdyqmcmtqvgbdbpyxpoa2xpvr2nq4gunbedwenid.onion/talasinc/administration.tar.gz,410Gb,5 Million,100,Accounting|http://tkektnwbesdjrcllcdyqmcmtqvgbdbpyxpoa2xpvr2nq4gunbedwenid.onion/talasinc/accounting.tar||Administration|http://tkektnwbesdjrcllcdyqmcmtqvgbdbpyxpoa2xpvr2nq4gunbedwenid.onion/talasinc/administration.tar.gz
Heart of Missouri United Way,http://www.uwheartmo.org,NA,26/09/2022,NA,"Our community wins by Living United: By responding to changing community needs. By forging strategic partnerships and fostering effective solutions to tackle local issues. By harnessing the best resources and inspiring others to join the fight in defeating barriers to basic needs, health, education, and financial stability.The Heart of Missouri United Way fights to improve lives in our community.",http://royal4ezp7xrbakkus3oofjw6gszrohpodmdnfbe5e4w3og5sm7vb3qd.onion/czL1mE7nSxtd9j2c1W05ZVLeud3kTH8G,Royal,10GB,5M,100,http://unirvhpzl6fbyvnfhomt6vnbhsdbi2axcfwbu2au4njqf2suuiiqvead.onion/UWHEARTMO/,10GB,5M,100,http://unirvhpzl6fbyvnfhomt6vnbhsdbi2axcfwbu2au4njqf2suuiiqvead.onion/UWHEARTMO/
